[
{
  "model": "admin.logentry",
  "pk": 1,
  "fields": {
    "action_time": "2025-12-05T13:10:16.224Z",
    "user": 1,
    "content_type": 2,
    "object_id": "1",
    "object_repr": "GROUP A",
    "action_flag": 1,
    "change_message": "[{\"added\": {}}]"
  }
},
{
  "model": "admin.logentry",
  "pk": 2,
  "fields": {
    "action_time": "2025-12-05T13:53:18.164Z",
    "user": 1,
    "content_type": 10,
    "object_id": "1",
    "object_repr": "ABAM",
    "action_flag": 1,
    "change_message": "[{\"added\": {}}]"
  }
},
{
  "model": "admin.logentry",
  "pk": 3,
  "fields": {
    "action_time": "2025-12-05T13:53:29.978Z",
    "user": 1,
    "content_type": 10,
    "object_id": "1",
    "object_repr": "ABAM",
    "action_flag": 2,
    "change_message": "[]"
  }
},
{
  "model": "admin.logentry",
  "pk": 4,
  "fields": {
    "action_time": "2025-12-05T13:53:31.429Z",
    "user": 1,
    "content_type": 10,
    "object_id": "1",
    "object_repr": "ABAM",
    "action_flag": 2,
    "change_message": "[]"
  }
},
{
  "model": "admin.logentry",
  "pk": 5,
  "fields": {
    "action_time": "2025-12-05T13:53:40.917Z",
    "user": 1,
    "content_type": 10,
    "object_id": "2",
    "object_repr": "AMIGBO",
    "action_flag": 1,
    "change_message": "[{\"added\": {}}]"
  }
},
{
  "model": "admin.logentry",
  "pk": 6,
  "fields": {
    "action_time": "2025-12-08T11:53:12.319Z",
    "user": 1,
    "content_type": 11,
    "object_id": "1",
    "object_repr": "Group A (, 2025 Senior Cup)",
    "action_flag": 3,
    "change_message": ""
  }
},
{
  "model": "admin.logentry",
  "pk": 7,
  "fields": {
    "action_time": "2025-12-08T11:59:55.186Z",
    "user": 1,
    "content_type": 11,
    "object_id": "2",
    "object_repr": "Group B (, 2025 Senior Cup)",
    "action_flag": 3,
    "change_message": ""
  }
},
{
  "model": "admin.logentry",
  "pk": 8,
  "fields": {
    "action_time": "2025-12-08T12:00:24.627Z",
    "user": 1,
    "content_type": 9,
    "object_id": "1",
    "object_repr": "2025 Senior Cup",
    "action_flag": 2,
    "change_message": "[]"
  }
},
{
  "model": "admin.logentry",
  "pk": 9,
  "fields": {
    "action_time": "2025-12-08T12:04:03.040Z",
    "user": 1,
    "content_type": 2,
    "object_id": "1",
    "object_repr": "GROUP A",
    "action_flag": 3,
    "change_message": ""
  }
},
{
  "model": "admin.logentry",
  "pk": 10,
  "fields": {
    "action_time": "2025-12-08T12:04:55.771Z",
    "user": 1,
    "content_type": 11,
    "object_id": "13",
    "object_repr": "Group A (SENIOR, 2025 Senior Cup)",
    "action_flag": 1,
    "change_message": "[{\"added\": {}}]"
  }
},
{
  "model": "admin.logentry",
  "pk": 11,
  "fields": {
    "action_time": "2025-12-08T12:23:22.588Z",
    "user": 1,
    "content_type": 11,
    "object_id": "3",
    "object_repr": "Group C (GROUP C, 2025 Senior Cup)",
    "action_flag": 2,
    "change_message": "[{\"changed\": {\"fields\": [\"Category\"]}}]"
  }
},
{
  "model": "admin.logentry",
  "pk": 12,
  "fields": {
    "action_time": "2025-12-08T12:23:51.368Z",
    "user": 1,
    "content_type": 11,
    "object_id": "3",
    "object_repr": "Group C (GROUP C, 2025 Senior Cup)",
    "action_flag": 2,
    "change_message": "[]"
  }
},
{
  "model": "admin.logentry",
  "pk": 13,
  "fields": {
    "action_time": "2025-12-08T12:24:35.190Z",
    "user": 1,
    "content_type": 11,
    "object_id": "4",
    "object_repr": "Group D (GROUP D, 2025 Senior Cup)",
    "action_flag": 2,
    "change_message": "[{\"changed\": {\"fields\": [\"Category\"]}}, {\"changed\": {\"name\": \"team group\", \"object\": \"ABAM in Group D (2025 Senior Cup)\", \"fields\": [\"Team\"]}}, {\"changed\": {\"name\": \"team group\", \"object\": \"AMIGBO in Group D (2025 Senior Cup)\", \"fields\": [\"Team\"]}}, {\"changed\": {\"name\": \"team group\", \"object\": \"EZIAMA in Group D (2025 Senior Cup)\", \"fields\": [\"Team\"]}}]"
  }
},
{
  "model": "admin.logentry",
  "pk": 14,
  "fields": {
    "action_time": "2025-12-08T12:25:45.788Z",
    "user": 1,
    "content_type": 10,
    "object_id": "3",
    "object_repr": "AMUZU",
    "action_flag": 2,
    "change_message": "[]"
  }
},
{
  "model": "admin.logentry",
  "pk": 15,
  "fields": {
    "action_time": "2025-12-08T12:34:23.115Z",
    "user": 1,
    "content_type": 11,
    "object_id": "13",
    "object_repr": "Group A (SENIOR, 2025 Senior Cup)",
    "action_flag": 2,
    "change_message": "[{\"added\": {\"name\": \"team group\", \"object\": \"ABAM in Group A (2025 Senior Cup)\"}}]"
  }
},
{
  "model": "admin.logentry",
  "pk": 16,
  "fields": {
    "action_time": "2025-12-08T12:35:17.502Z",
    "user": 1,
    "content_type": 11,
    "object_id": "13",
    "object_repr": "Group A (GROUP A, 2025 Senior Cup)",
    "action_flag": 2,
    "change_message": "[{\"changed\": {\"fields\": [\"Category\"]}}, {\"added\": {\"name\": \"team group\", \"object\": \"EZU N'ERIM in Group A (2025 Senior Cup)\"}}, {\"changed\": {\"name\": \"team group\", \"object\": \"AMUZU in Group A (2025 Senior Cup)\", \"fields\": [\"Team\"]}}]"
  }
},
{
  "model": "admin.logentry",
  "pk": 17,
  "fields": {
    "action_time": "2025-12-08T12:38:27.411Z",
    "user": 1,
    "content_type": 11,
    "object_id": "13",
    "object_repr": "Group A (GROUP A, 2025 Senior Cup)",
    "action_flag": 2,
    "change_message": "[{\"added\": {\"name\": \"team group\", \"object\": \"IPUPE in Group A (2025 Senior Cup)\"}}, {\"added\": {\"name\": \"team group\", \"object\": \"AVODIM in Group A (2025 Senior Cup)\"}}]"
  }
},
{
  "model": "admin.logentry",
  "pk": 18,
  "fields": {
    "action_time": "2025-12-08T12:43:03.553Z",
    "user": 1,
    "content_type": 11,
    "object_id": "14",
    "object_repr": "Group B (GROUP B1, 2025 Senior Cup)",
    "action_flag": 1,
    "change_message": "[{\"added\": {}}, {\"added\": {\"name\": \"team group\", \"object\": \"NZUKWE in Group B (2025 Senior Cup)\"}}, {\"added\": {\"name\": \"team group\", \"object\": \"UTURU in Group B (2025 Senior Cup)\"}}, {\"added\": {\"name\": \"team group\", \"object\": \"UMUMBA in Group B (2025 Senior Cup)\"}}, {\"added\": {\"name\": \"team group\", \"object\": \"UMUOGO in Group B (2025 Senior Cup)\"}}]"
  }
},
{
  "model": "admin.logentry",
  "pk": 19,
  "fields": {
    "action_time": "2025-12-08T12:45:13.010Z",
    "user": 1,
    "content_type": 11,
    "object_id": "3",
    "object_repr": "Group C (GROUP C1, 2025 Senior Cup)",
    "action_flag": 2,
    "change_message": "[{\"changed\": {\"fields\": [\"Category\"]}}, {\"changed\": {\"name\": \"team group\", \"object\": \"UMUOSU in Group C (2025 Senior Cup)\", \"fields\": [\"Team\"]}}, {\"changed\": {\"name\": \"team group\", \"object\": \"LAGURU in Group C (2025 Senior Cup)\", \"fields\": [\"Team\"]}}, {\"changed\": {\"name\": \"team group\", \"object\": \"UMUAKO in Group C (2025 Senior Cup)\", \"fields\": [\"Team\"]}}]"
  }
},
{
  "model": "admin.logentry",
  "pk": 20,
  "fields": {
    "action_time": "2025-12-08T12:46:05.266Z",
    "user": 1,
    "content_type": 11,
    "object_id": "13",
    "object_repr": "Group A (GROUP A1, 2025 Senior Cup)",
    "action_flag": 2,
    "change_message": "[{\"changed\": {\"fields\": [\"Category\"]}}]"
  }
},
{
  "model": "admin.logentry",
  "pk": 21,
  "fields": {
    "action_time": "2025-12-08T12:49:58.572Z",
    "user": 1,
    "content_type": 11,
    "object_id": "4",
    "object_repr": "Group D (GROUP D1, 2025 Senior Cup)",
    "action_flag": 2,
    "change_message": "[{\"changed\": {\"fields\": [\"Category\"]}}]"
  }
},
{
  "model": "admin.logentry",
  "pk": 22,
  "fields": {
    "action_time": "2025-12-08T12:57:12.990Z",
    "user": 1,
    "content_type": 11,
    "object_id": "9",
    "object_repr": "Group A (GROUP A2, 2025 Junior Boys Cup)",
    "action_flag": 2,
    "change_message": "[{\"changed\": {\"fields\": [\"Category\"]}}, {\"added\": {\"name\": \"team group\", \"object\": \"UMUOSU in Group A (2025 Junior Boys Cup)\"}}, {\"added\": {\"name\": \"team group\", \"object\": \"EZIAMA in Group A (2025 Junior Boys Cup)\"}}, {\"added\": {\"name\": \"team group\", \"object\": \"AMUZU in Group A (2025 Junior Boys Cup)\"}}, {\"added\": {\"name\": \"team group\", \"object\": \"NZUKWE in Group A (2025 Junior Boys Cup)\"}}]"
  }
},
{
  "model": "admin.logentry",
  "pk": 23,
  "fields": {
    "action_time": "2025-12-08T12:59:32.654Z",
    "user": 1,
    "content_type": 11,
    "object_id": "10",
    "object_repr": "Group B (GROUP B2, 2025 Junior Boys Cup)",
    "action_flag": 2,
    "change_message": "[{\"changed\": {\"fields\": [\"Category\"]}}, {\"added\": {\"name\": \"team group\", \"object\": \"IPUPE in Group B (2025 Junior Boys Cup)\"}}, {\"added\": {\"name\": \"team group\", \"object\": \"UTURU in Group B (2025 Junior Boys Cup)\"}}, {\"added\": {\"name\": \"team group\", \"object\": \"EZU N'ERIM in Group B (2025 Junior Boys Cup)\"}}, {\"added\": {\"name\": \"team group\", \"object\": \"AVODIM in Group B (2025 Junior Boys Cup)\"}}]"
  }
},
{
  "model": "admin.logentry",
  "pk": 24,
  "fields": {
    "action_time": "2025-12-08T13:00:09.868Z",
    "user": 1,
    "content_type": 11,
    "object_id": "11",
    "object_repr": "Group C (GROUP C2, 2025 Junior Boys Cup)",
    "action_flag": 2,
    "change_message": "[{\"changed\": {\"fields\": [\"Category\"]}}, {\"added\": {\"name\": \"team group\", \"object\": \"LAGURU in Group C (2025 Junior Boys Cup)\"}}, {\"added\": {\"name\": \"team group\", \"object\": \"UMUAKO in Group C (2025 Junior Boys Cup)\"}}, {\"added\": {\"name\": \"team group\", \"object\": \"UMUMBA in Group C (2025 Junior Boys Cup)\"}}, {\"added\": {\"name\": \"team group\", \"object\": \"MGBARAKUMA in Group C (2025 Junior Boys Cup)\"}}]"
  }
},
{
  "model": "admin.logentry",
  "pk": 25,
  "fields": {
    "action_time": "2025-12-08T13:00:37.119Z",
    "user": 1,
    "content_type": 11,
    "object_id": "12",
    "object_repr": "Group D (GROUP D1, 2025 Junior Boys Cup)",
    "action_flag": 2,
    "change_message": "[{\"changed\": {\"fields\": [\"Category\"]}}, {\"added\": {\"name\": \"team group\", \"object\": \"UMUOGO in Group D (2025 Junior Boys Cup)\"}}, {\"added\": {\"name\": \"team group\", \"object\": \"AMIGBO in Group D (2025 Junior Boys Cup)\"}}, {\"added\": {\"name\": \"team group\", \"object\": \"ABAM in Group D (2025 Junior Boys Cup)\"}}]"
  }
},
{
  "model": "admin.logentry",
  "pk": 26,
  "fields": {
    "action_time": "2025-12-08T13:02:06.031Z",
    "user": 1,
    "content_type": 11,
    "object_id": "8",
    "object_repr": "Group D (GIRLS CUP, 2025 Girls Cup)",
    "action_flag": 2,
    "change_message": "[{\"changed\": {\"fields\": [\"Category\"]}}, {\"added\": {\"name\": \"team group\", \"object\": \"UMUMBA in Group D (2025 Girls Cup)\"}}, {\"added\": {\"name\": \"team group\", \"object\": \"IPUPE in Group D (2025 Girls Cup)\"}}, {\"added\": {\"name\": \"team group\", \"object\": \"AVODIM in Group D (2025 Girls Cup)\"}}]"
  }
},
{
  "model": "admin.logentry",
  "pk": 27,
  "fields": {
    "action_time": "2025-12-08T13:02:45.617Z",
    "user": 1,
    "content_type": 11,
    "object_id": "7",
    "object_repr": "Group C (GIRLS CUP, 2025 Girls Cup)",
    "action_flag": 2,
    "change_message": "[{\"changed\": {\"fields\": [\"Category\"]}}, {\"added\": {\"name\": \"team group\", \"object\": \"EZIAMA in Group C (2025 Girls Cup)\"}}, {\"added\": {\"name\": \"team group\", \"object\": \"EZU N'ERIM in Group C (2025 Girls Cup)\"}}, {\"added\": {\"name\": \"team group\", \"object\": \"UMUAKO in Group C (2025 Girls Cup)\"}}, {\"added\": {\"name\": \"team group\", \"object\": \"NZUKWE in Group C (2025 Girls Cup)\"}}]"
  }
},
{
  "model": "admin.logentry",
  "pk": 28,
  "fields": {
    "action_time": "2025-12-08T13:03:21.568Z",
    "user": 1,
    "content_type": 11,
    "object_id": "6",
    "object_repr": "Group B (GIRLS CUP, 2025 Girls Cup)",
    "action_flag": 2,
    "change_message": "[{\"changed\": {\"fields\": [\"Category\"]}}, {\"added\": {\"name\": \"team group\", \"object\": \"LAGURU in Group B (2025 Girls Cup)\"}}, {\"added\": {\"name\": \"team group\", \"object\": \"AMIGBO in Group B (2025 Girls Cup)\"}}, {\"added\": {\"name\": \"team group\", \"object\": \"UMUOGO in Group B (2025 Girls Cup)\"}}, {\"added\": {\"name\": \"team group\", \"object\": \"AMUZU in Group B (2025 Girls Cup)\"}}]"
  }
},
{
  "model": "admin.logentry",
  "pk": 29,
  "fields": {
    "action_time": "2025-12-08T13:03:57.608Z",
    "user": 1,
    "content_type": 11,
    "object_id": "5",
    "object_repr": "Group A (GIRLS CUP, 2025 Girls Cup)",
    "action_flag": 2,
    "change_message": "[{\"changed\": {\"fields\": [\"Category\"]}}, {\"added\": {\"name\": \"team group\", \"object\": \"UMUOSU in Group A (2025 Girls Cup)\"}}, {\"added\": {\"name\": \"team group\", \"object\": \"MGBARAKUMA in Group A (2025 Girls Cup)\"}}, {\"added\": {\"name\": \"team group\", \"object\": \"ABAM in Group A (2025 Girls Cup)\"}}, {\"added\": {\"name\": \"team group\", \"object\": \"UTURU in Group A (2025 Girls Cup)\"}}]"
  }
},
{
  "model": "admin.logentry",
  "pk": 30,
  "fields": {
    "action_time": "2025-12-08T13:04:17.563Z",
    "user": 1,
    "content_type": 11,
    "object_id": "14",
    "object_repr": "Group B (SENIOR BOYS, 2025 Senior Cup)",
    "action_flag": 2,
    "change_message": "[{\"changed\": {\"fields\": [\"Category\"]}}]"
  }
},
{
  "model": "admin.logentry",
  "pk": 31,
  "fields": {
    "action_time": "2025-12-08T13:04:25.160Z",
    "user": 1,
    "content_type": 11,
    "object_id": "13",
    "object_repr": "Group A (SENIOR BOYS, 2025 Senior Cup)",
    "action_flag": 2,
    "change_message": "[{\"changed\": {\"fields\": [\"Category\"]}}]"
  }
},
{
  "model": "admin.logentry",
  "pk": 32,
  "fields": {
    "action_time": "2025-12-08T13:04:40.605Z",
    "user": 1,
    "content_type": 11,
    "object_id": "12",
    "object_repr": "Group D (JUNIOR BOYS, 2025 Junior Boys Cup)",
    "action_flag": 2,
    "change_message": "[{\"changed\": {\"fields\": [\"Category\"]}}]"
  }
},
{
  "model": "admin.logentry",
  "pk": 33,
  "fields": {
    "action_time": "2025-12-08T13:04:49.746Z",
    "user": 1,
    "content_type": 11,
    "object_id": "11",
    "object_repr": "Group C (JUNIOR BOYS, 2025 Junior Boys Cup)",
    "action_flag": 2,
    "change_message": "[{\"changed\": {\"fields\": [\"Category\"]}}]"
  }
},
{
  "model": "admin.logentry",
  "pk": 34,
  "fields": {
    "action_time": "2025-12-08T13:05:01.355Z",
    "user": 1,
    "content_type": 11,
    "object_id": "10",
    "object_repr": "Group B (JUNIOR BOYS, 2025 Junior Boys Cup)",
    "action_flag": 2,
    "change_message": "[{\"changed\": {\"fields\": [\"Category\"]}}]"
  }
},
{
  "model": "admin.logentry",
  "pk": 35,
  "fields": {
    "action_time": "2025-12-08T13:05:09.435Z",
    "user": 1,
    "content_type": 11,
    "object_id": "9",
    "object_repr": "Group A (JUNIOR BOYS, 2025 Junior Boys Cup)",
    "action_flag": 2,
    "change_message": "[{\"changed\": {\"fields\": [\"Category\"]}}]"
  }
},
{
  "model": "admin.logentry",
  "pk": 36,
  "fields": {
    "action_time": "2025-12-08T13:05:18.016Z",
    "user": 1,
    "content_type": 11,
    "object_id": "8",
    "object_repr": "Group D (GIRLS CUP, 2025 Girls Cup)",
    "action_flag": 2,
    "change_message": "[]"
  }
},
{
  "model": "admin.logentry",
  "pk": 37,
  "fields": {
    "action_time": "2025-12-08T13:05:25.254Z",
    "user": 1,
    "content_type": 11,
    "object_id": "3",
    "object_repr": "Group C (SENIOR BOYS, 2025 Senior Cup)",
    "action_flag": 2,
    "change_message": "[{\"changed\": {\"fields\": [\"Category\"]}}]"
  }
},
{
  "model": "admin.logentry",
  "pk": 38,
  "fields": {
    "action_time": "2025-12-08T13:05:32.963Z",
    "user": 1,
    "content_type": 11,
    "object_id": "4",
    "object_repr": "Group D (SENIOR BOYS, 2025 Senior Cup)",
    "action_flag": 2,
    "change_message": "[{\"changed\": {\"fields\": [\"Category\"]}}]"
  }
},
{
  "model": "admin.logentry",
  "pk": 39,
  "fields": {
    "action_time": "2025-12-08T13:12:04.023Z",
    "user": 1,
    "content_type": 7,
    "object_id": "1",
    "object_repr": "UMUOSU vs LAGURU - 2025-12-04",
    "action_flag": 1,
    "change_message": "[{\"added\": {}}]"
  }
},
{
  "model": "admin.logentry",
  "pk": 40,
  "fields": {
    "action_time": "2025-12-08T13:14:25.629Z",
    "user": 1,
    "content_type": 7,
    "object_id": "1",
    "object_repr": "UMUOSU vs LAGURU - 2025-12-04",
    "action_flag": 3,
    "change_message": ""
  }
},
{
  "model": "admin.logentry",
  "pk": 41,
  "fields": {
    "action_time": "2025-12-08T13:20:59.085Z",
    "user": 1,
    "content_type": 9,
    "object_id": "1",
    "object_repr": "2025 SENIOR BOYS",
    "action_flag": 2,
    "change_message": "[{\"changed\": {\"fields\": [\"Name\"]}}]"
  }
},
{
  "model": "admin.logentry",
  "pk": 42,
  "fields": {
    "action_time": "2025-12-08T13:21:19.775Z",
    "user": 1,
    "content_type": 9,
    "object_id": "2",
    "object_repr": "2025 GIRLS CUP",
    "action_flag": 2,
    "change_message": "[{\"changed\": {\"fields\": [\"Name\"]}}]"
  }
},
{
  "model": "admin.logentry",
  "pk": 43,
  "fields": {
    "action_time": "2025-12-08T13:21:28.066Z",
    "user": 1,
    "content_type": 9,
    "object_id": "1",
    "object_repr": "2025 SENIOR BOYS CUP",
    "action_flag": 2,
    "change_message": "[{\"changed\": {\"fields\": [\"Name\"]}}]"
  }
},
{
  "model": "admin.logentry",
  "pk": 44,
  "fields": {
    "action_time": "2025-12-08T13:21:45.534Z",
    "user": 1,
    "content_type": 9,
    "object_id": "3",
    "object_repr": "2025 JUNIOR BOYS CUP",
    "action_flag": 2,
    "change_message": "[{\"changed\": {\"fields\": [\"Name\"]}}]"
  }
},
{
  "model": "admin.logentry",
  "pk": 45,
  "fields": {
    "action_time": "2025-12-08T14:15:12.943Z",
    "user": 1,
    "content_type": 7,
    "object_id": "21",
    "object_repr": "AMIBO vs EZIAMA - 2025-11-12",
    "action_flag": 3,
    "change_message": ""
  }
},
{
  "model": "admin.logentry",
  "pk": 46,
  "fields": {
    "action_time": "2025-12-08T14:15:12.943Z",
    "user": 1,
    "content_type": 7,
    "object_id": "20",
    "object_repr": "UMUAKO vs LAGURU - 2025-10-12",
    "action_flag": 3,
    "change_message": ""
  }
},
{
  "model": "admin.logentry",
  "pk": 47,
  "fields": {
    "action_time": "2025-12-08T14:15:12.943Z",
    "user": 1,
    "content_type": 7,
    "object_id": "19",
    "object_repr": "UMUOGO vs UTURU - 2025-09-12",
    "action_flag": 3,
    "change_message": ""
  }
},
{
  "model": "admin.logentry",
  "pk": 48,
  "fields": {
    "action_time": "2025-12-08T14:15:12.943Z",
    "user": 1,
    "content_type": 7,
    "object_id": "18",
    "object_repr": "AVODIM vs EZU N'ERIM - 2025-08-12",
    "action_flag": 3,
    "change_message": ""
  }
},
{
  "model": "admin.logentry",
  "pk": 49,
  "fields": {
    "action_time": "2025-12-08T14:15:12.943Z",
    "user": 1,
    "content_type": 7,
    "object_id": "17",
    "object_repr": "EZIAMA vs ABAM - 2025-07-12",
    "action_flag": 3,
    "change_message": ""
  }
},
{
  "model": "admin.logentry",
  "pk": 50,
  "fields": {
    "action_time": "2025-12-08T14:15:12.943Z",
    "user": 1,
    "content_type": 7,
    "object_id": "16",
    "object_repr": "MGBARAKUMA vs UMUAKO - 2025-06-12",
    "action_flag": 3,
    "change_message": ""
  }
},
{
  "model": "admin.logentry",
  "pk": 51,
  "fields": {
    "action_time": "2025-12-08T14:15:12.943Z",
    "user": 1,
    "content_type": 7,
    "object_id": "15",
    "object_repr": "UMUMBA vs UMUOGO - 2025-05-12",
    "action_flag": 3,
    "change_message": ""
  }
},
{
  "model": "admin.logentry",
  "pk": 52,
  "fields": {
    "action_time": "2025-12-08T14:15:12.943Z",
    "user": 1,
    "content_type": 7,
    "object_id": "14",
    "object_repr": "IPUPE vs AVODIM - 2025-04-12",
    "action_flag": 3,
    "change_message": ""
  }
},
{
  "model": "admin.logentry",
  "pk": 53,
  "fields": {
    "action_time": "2025-12-08T14:15:12.943Z",
    "user": 1,
    "content_type": 7,
    "object_id": "13",
    "object_repr": "ABAM vs AMIBO - 2025-03-12",
    "action_flag": 3,
    "change_message": ""
  }
},
{
  "model": "admin.logentry",
  "pk": 54,
  "fields": {
    "action_time": "2025-12-08T14:15:12.943Z",
    "user": 1,
    "content_type": 7,
    "object_id": "12",
    "object_repr": "UMUOSU vs LAGURU - 2025-02-12",
    "action_flag": 3,
    "change_message": ""
  }
},
{
  "model": "admin.logentry",
  "pk": 55,
  "fields": {
    "action_time": "2025-12-08T14:15:12.944Z",
    "user": 1,
    "content_type": 7,
    "object_id": "11",
    "object_repr": "AMIBO vs EZIAMA - 2025-11-12",
    "action_flag": 3,
    "change_message": ""
  }
},
{
  "model": "admin.logentry",
  "pk": 56,
  "fields": {
    "action_time": "2025-12-08T14:15:12.944Z",
    "user": 1,
    "content_type": 7,
    "object_id": "10",
    "object_repr": "UMUAKO vs LAGURU - 2025-10-12",
    "action_flag": 3,
    "change_message": ""
  }
},
{
  "model": "admin.logentry",
  "pk": 57,
  "fields": {
    "action_time": "2025-12-08T14:15:12.944Z",
    "user": 1,
    "content_type": 7,
    "object_id": "9",
    "object_repr": "UMUOGO vs UTURU - 2025-09-12",
    "action_flag": 3,
    "change_message": ""
  }
},
{
  "model": "admin.logentry",
  "pk": 58,
  "fields": {
    "action_time": "2025-12-08T14:15:12.944Z",
    "user": 1,
    "content_type": 7,
    "object_id": "8",
    "object_repr": "AVODIM vs EZU N'ERIM - 2025-08-12",
    "action_flag": 3,
    "change_message": ""
  }
},
{
  "model": "admin.logentry",
  "pk": 59,
  "fields": {
    "action_time": "2025-12-08T14:15:12.944Z",
    "user": 1,
    "content_type": 7,
    "object_id": "7",
    "object_repr": "EZIAMA vs ABAM - 2025-07-12",
    "action_flag": 3,
    "change_message": ""
  }
},
{
  "model": "admin.logentry",
  "pk": 60,
  "fields": {
    "action_time": "2025-12-08T14:15:12.944Z",
    "user": 1,
    "content_type": 7,
    "object_id": "6",
    "object_repr": "MGBARAKUMA vs UMUAKO - 2025-06-12",
    "action_flag": 3,
    "change_message": ""
  }
},
{
  "model": "admin.logentry",
  "pk": 61,
  "fields": {
    "action_time": "2025-12-08T14:15:12.944Z",
    "user": 1,
    "content_type": 7,
    "object_id": "5",
    "object_repr": "UMUMBA vs UMUOGO - 2025-05-12",
    "action_flag": 3,
    "change_message": ""
  }
},
{
  "model": "admin.logentry",
  "pk": 62,
  "fields": {
    "action_time": "2025-12-08T14:15:12.944Z",
    "user": 1,
    "content_type": 7,
    "object_id": "4",
    "object_repr": "IPUPE vs AVODIM - 2025-04-12",
    "action_flag": 3,
    "change_message": ""
  }
},
{
  "model": "admin.logentry",
  "pk": 63,
  "fields": {
    "action_time": "2025-12-08T14:15:12.944Z",
    "user": 1,
    "content_type": 7,
    "object_id": "3",
    "object_repr": "ABAM vs AMIBO - 2025-03-12",
    "action_flag": 3,
    "change_message": ""
  }
},
{
  "model": "admin.logentry",
  "pk": 64,
  "fields": {
    "action_time": "2025-12-08T14:15:12.944Z",
    "user": 1,
    "content_type": 7,
    "object_id": "2",
    "object_repr": "UMUOSU vs LAGURU - 2025-02-12",
    "action_flag": 3,
    "change_message": ""
  }
},
{
  "model": "admin.logentry",
  "pk": 65,
  "fields": {
    "action_time": "2025-12-08T14:22:09.183Z",
    "user": 1,
    "content_type": 7,
    "object_id": "41",
    "object_repr": "AMIBO vs EZIAMA - 2025-11-12",
    "action_flag": 3,
    "change_message": ""
  }
},
{
  "model": "admin.logentry",
  "pk": 66,
  "fields": {
    "action_time": "2025-12-08T14:22:09.183Z",
    "user": 1,
    "content_type": 7,
    "object_id": "40",
    "object_repr": "UMUAKO vs LAGURU - 2025-10-12",
    "action_flag": 3,
    "change_message": ""
  }
},
{
  "model": "admin.logentry",
  "pk": 67,
  "fields": {
    "action_time": "2025-12-08T14:22:09.183Z",
    "user": 1,
    "content_type": 7,
    "object_id": "39",
    "object_repr": "UMUOGO vs UTURU - 2025-09-12",
    "action_flag": 3,
    "change_message": ""
  }
},
{
  "model": "admin.logentry",
  "pk": 68,
  "fields": {
    "action_time": "2025-12-08T14:22:09.183Z",
    "user": 1,
    "content_type": 7,
    "object_id": "38",
    "object_repr": "AVODIM vs EZU N'ERIM - 2025-08-12",
    "action_flag": 3,
    "change_message": ""
  }
},
{
  "model": "admin.logentry",
  "pk": 69,
  "fields": {
    "action_time": "2025-12-08T14:22:09.183Z",
    "user": 1,
    "content_type": 7,
    "object_id": "37",
    "object_repr": "EZIAMA vs ABAM - 2025-07-12",
    "action_flag": 3,
    "change_message": ""
  }
},
{
  "model": "admin.logentry",
  "pk": 70,
  "fields": {
    "action_time": "2025-12-08T14:22:09.183Z",
    "user": 1,
    "content_type": 7,
    "object_id": "36",
    "object_repr": "MGBARAKUMA vs UMUAKO - 2025-06-12",
    "action_flag": 3,
    "change_message": ""
  }
},
{
  "model": "admin.logentry",
  "pk": 71,
  "fields": {
    "action_time": "2025-12-08T14:22:09.183Z",
    "user": 1,
    "content_type": 7,
    "object_id": "35",
    "object_repr": "UMUMBA vs UMUOGO - 2025-05-12",
    "action_flag": 3,
    "change_message": ""
  }
},
{
  "model": "admin.logentry",
  "pk": 72,
  "fields": {
    "action_time": "2025-12-08T14:22:09.183Z",
    "user": 1,
    "content_type": 7,
    "object_id": "34",
    "object_repr": "IPUPE vs AVODIM - 2025-04-12",
    "action_flag": 3,
    "change_message": ""
  }
},
{
  "model": "admin.logentry",
  "pk": 73,
  "fields": {
    "action_time": "2025-12-08T14:22:09.183Z",
    "user": 1,
    "content_type": 7,
    "object_id": "33",
    "object_repr": "ABAM vs AMIBO - 2025-03-12",
    "action_flag": 3,
    "change_message": ""
  }
},
{
  "model": "admin.logentry",
  "pk": 74,
  "fields": {
    "action_time": "2025-12-08T14:22:09.183Z",
    "user": 1,
    "content_type": 7,
    "object_id": "32",
    "object_repr": "UMUOSU vs LAGURU - 2025-02-12",
    "action_flag": 3,
    "change_message": ""
  }
},
{
  "model": "admin.logentry",
  "pk": 75,
  "fields": {
    "action_time": "2025-12-08T14:22:09.183Z",
    "user": 1,
    "content_type": 7,
    "object_id": "31",
    "object_repr": "AMIBO vs EZIAMA - 2025-11-12",
    "action_flag": 3,
    "change_message": ""
  }
},
{
  "model": "admin.logentry",
  "pk": 76,
  "fields": {
    "action_time": "2025-12-08T14:22:09.183Z",
    "user": 1,
    "content_type": 7,
    "object_id": "30",
    "object_repr": "UMUAKO vs LAGURU - 2025-10-12",
    "action_flag": 3,
    "change_message": ""
  }
},
{
  "model": "admin.logentry",
  "pk": 77,
  "fields": {
    "action_time": "2025-12-08T14:22:09.184Z",
    "user": 1,
    "content_type": 7,
    "object_id": "29",
    "object_repr": "UMUOGO vs UTURU - 2025-09-12",
    "action_flag": 3,
    "change_message": ""
  }
},
{
  "model": "admin.logentry",
  "pk": 78,
  "fields": {
    "action_time": "2025-12-08T14:22:09.184Z",
    "user": 1,
    "content_type": 7,
    "object_id": "28",
    "object_repr": "AVODIM vs EZU N'ERIM - 2025-08-12",
    "action_flag": 3,
    "change_message": ""
  }
},
{
  "model": "admin.logentry",
  "pk": 79,
  "fields": {
    "action_time": "2025-12-08T14:22:09.184Z",
    "user": 1,
    "content_type": 7,
    "object_id": "27",
    "object_repr": "EZIAMA vs ABAM - 2025-07-12",
    "action_flag": 3,
    "change_message": ""
  }
},
{
  "model": "admin.logentry",
  "pk": 80,
  "fields": {
    "action_time": "2025-12-08T14:22:09.184Z",
    "user": 1,
    "content_type": 7,
    "object_id": "26",
    "object_repr": "MGBARAKUMA vs UMUAKO - 2025-06-12",
    "action_flag": 3,
    "change_message": ""
  }
},
{
  "model": "admin.logentry",
  "pk": 81,
  "fields": {
    "action_time": "2025-12-08T14:22:09.184Z",
    "user": 1,
    "content_type": 7,
    "object_id": "25",
    "object_repr": "UMUMBA vs UMUOGO - 2025-05-12",
    "action_flag": 3,
    "change_message": ""
  }
},
{
  "model": "admin.logentry",
  "pk": 82,
  "fields": {
    "action_time": "2025-12-08T14:22:09.184Z",
    "user": 1,
    "content_type": 7,
    "object_id": "24",
    "object_repr": "IPUPE vs AVODIM - 2025-04-12",
    "action_flag": 3,
    "change_message": ""
  }
},
{
  "model": "admin.logentry",
  "pk": 83,
  "fields": {
    "action_time": "2025-12-08T14:22:09.184Z",
    "user": 1,
    "content_type": 7,
    "object_id": "23",
    "object_repr": "ABAM vs AMIBO - 2025-03-12",
    "action_flag": 3,
    "change_message": ""
  }
},
{
  "model": "admin.logentry",
  "pk": 84,
  "fields": {
    "action_time": "2025-12-08T14:22:09.184Z",
    "user": 1,
    "content_type": 7,
    "object_id": "22",
    "object_repr": "UMUOSU vs LAGURU - 2025-02-12",
    "action_flag": 3,
    "change_message": ""
  }
},
{
  "model": "admin.logentry",
  "pk": 85,
  "fields": {
    "action_time": "2025-12-08T14:31:39.559Z",
    "user": 1,
    "content_type": 7,
    "object_id": "58",
    "object_repr": "LAGURU vs MGBARAKUMA - 2025-11-20",
    "action_flag": 3,
    "change_message": ""
  }
},
{
  "model": "admin.logentry",
  "pk": 86,
  "fields": {
    "action_time": "2025-12-08T14:31:39.559Z",
    "user": 1,
    "content_type": 7,
    "object_id": "57",
    "object_repr": "UTURU vs UMUMBA - 2025-11-20",
    "action_flag": 3,
    "change_message": ""
  }
},
{
  "model": "admin.logentry",
  "pk": 87,
  "fields": {
    "action_time": "2025-12-08T14:31:39.559Z",
    "user": 1,
    "content_type": 7,
    "object_id": "56",
    "object_repr": "EZU N'ERIM vs IPUPE - 2025-11-19",
    "action_flag": 3,
    "change_message": ""
  }
},
{
  "model": "admin.logentry",
  "pk": 88,
  "fields": {
    "action_time": "2025-12-08T14:31:39.560Z",
    "user": 1,
    "content_type": 7,
    "object_id": "55",
    "object_repr": "UMUAKO vs UMUOSU - 2025-11-18",
    "action_flag": 3,
    "change_message": ""
  }
},
{
  "model": "admin.logentry",
  "pk": 89,
  "fields": {
    "action_time": "2025-12-08T14:31:39.560Z",
    "user": 1,
    "content_type": 7,
    "object_id": "54",
    "object_repr": "AVODIM vs AMUZU - 2025-11-16",
    "action_flag": 3,
    "change_message": ""
  }
},
{
  "model": "admin.logentry",
  "pk": 90,
  "fields": {
    "action_time": "2025-12-08T14:31:39.560Z",
    "user": 1,
    "content_type": 7,
    "object_id": "53",
    "object_repr": "UMUOSU vs MGBARAKUMA - 2025-11-15",
    "action_flag": 3,
    "change_message": ""
  }
},
{
  "model": "admin.logentry",
  "pk": 91,
  "fields": {
    "action_time": "2025-12-08T14:31:39.560Z",
    "user": 1,
    "content_type": 7,
    "object_id": "52",
    "object_repr": "AMUZU vs IPUPE - 2025-11-13",
    "action_flag": 3,
    "change_message": ""
  }
},
{
  "model": "admin.logentry",
  "pk": 92,
  "fields": {
    "action_time": "2025-12-08T14:31:39.560Z",
    "user": 1,
    "content_type": 7,
    "object_id": "51",
    "object_repr": "AMIBO vs EZIAMA - 2025-11-12",
    "action_flag": 3,
    "change_message": ""
  }
},
{
  "model": "admin.logentry",
  "pk": 93,
  "fields": {
    "action_time": "2025-12-08T14:31:39.561Z",
    "user": 1,
    "content_type": 7,
    "object_id": "50",
    "object_repr": "UMUAKO vs LAGURU - 2025-10-12",
    "action_flag": 3,
    "change_message": ""
  }
},
{
  "model": "admin.logentry",
  "pk": 94,
  "fields": {
    "action_time": "2025-12-08T14:31:39.561Z",
    "user": 1,
    "content_type": 7,
    "object_id": "49",
    "object_repr": "UMUOGO vs UTURU - 2025-09-12",
    "action_flag": 3,
    "change_message": ""
  }
},
{
  "model": "admin.logentry",
  "pk": 95,
  "fields": {
    "action_time": "2025-12-08T14:31:39.561Z",
    "user": 1,
    "content_type": 7,
    "object_id": "48",
    "object_repr": "AVODIM vs EZU N'ERIM - 2025-08-12",
    "action_flag": 3,
    "change_message": ""
  }
},
{
  "model": "admin.logentry",
  "pk": 96,
  "fields": {
    "action_time": "2025-12-08T14:31:39.561Z",
    "user": 1,
    "content_type": 7,
    "object_id": "47",
    "object_repr": "EZIAMA vs ABAM - 2025-07-12",
    "action_flag": 3,
    "change_message": ""
  }
},
{
  "model": "admin.logentry",
  "pk": 97,
  "fields": {
    "action_time": "2025-12-08T14:31:39.561Z",
    "user": 1,
    "content_type": 7,
    "object_id": "46",
    "object_repr": "MGBARAKUMA vs UMUAKO - 2025-06-12",
    "action_flag": 3,
    "change_message": ""
  }
},
{
  "model": "admin.logentry",
  "pk": 98,
  "fields": {
    "action_time": "2025-12-08T14:31:39.561Z",
    "user": 1,
    "content_type": 7,
    "object_id": "45",
    "object_repr": "UMUMBA vs UMUOGO - 2025-05-12",
    "action_flag": 3,
    "change_message": ""
  }
},
{
  "model": "admin.logentry",
  "pk": 99,
  "fields": {
    "action_time": "2025-12-08T14:31:39.561Z",
    "user": 1,
    "content_type": 7,
    "object_id": "44",
    "object_repr": "IPUPE vs AVODIM - 2025-04-12",
    "action_flag": 3,
    "change_message": ""
  }
},
{
  "model": "admin.logentry",
  "pk": 100,
  "fields": {
    "action_time": "2025-12-08T14:31:39.562Z",
    "user": 1,
    "content_type": 7,
    "object_id": "43",
    "object_repr": "ABAM vs AMIBO - 2025-03-12",
    "action_flag": 3,
    "change_message": ""
  }
},
{
  "model": "admin.logentry",
  "pk": 101,
  "fields": {
    "action_time": "2025-12-08T14:31:39.562Z",
    "user": 1,
    "content_type": 7,
    "object_id": "42",
    "object_repr": "UMUOSU vs LAGURU - 2025-02-12",
    "action_flag": 3,
    "change_message": ""
  }
},
{
  "model": "admin.logentry",
  "pk": 102,
  "fields": {
    "action_time": "2025-12-08T14:39:31.228Z",
    "user": 1,
    "content_type": 7,
    "object_id": "75",
    "object_repr": "LAGURU vs MGBARAKUMA - 2025-11-20",
    "action_flag": 3,
    "change_message": ""
  }
},
{
  "model": "admin.logentry",
  "pk": 103,
  "fields": {
    "action_time": "2025-12-08T14:39:31.228Z",
    "user": 1,
    "content_type": 7,
    "object_id": "74",
    "object_repr": "UTURU vs UMUMBA - 2025-11-20",
    "action_flag": 3,
    "change_message": ""
  }
},
{
  "model": "admin.logentry",
  "pk": 104,
  "fields": {
    "action_time": "2025-12-08T14:39:31.228Z",
    "user": 1,
    "content_type": 7,
    "object_id": "73",
    "object_repr": "EZU N'ERIM vs IPUPE - 2025-11-19",
    "action_flag": 3,
    "change_message": ""
  }
},
{
  "model": "admin.logentry",
  "pk": 105,
  "fields": {
    "action_time": "2025-12-08T14:39:31.228Z",
    "user": 1,
    "content_type": 7,
    "object_id": "72",
    "object_repr": "UMUAKO vs UMUOSU - 2025-11-18",
    "action_flag": 3,
    "change_message": ""
  }
},
{
  "model": "admin.logentry",
  "pk": 106,
  "fields": {
    "action_time": "2025-12-08T14:39:31.228Z",
    "user": 1,
    "content_type": 7,
    "object_id": "71",
    "object_repr": "AVODIM vs AMUZU - 2025-11-16",
    "action_flag": 3,
    "change_message": ""
  }
},
{
  "model": "admin.logentry",
  "pk": 107,
  "fields": {
    "action_time": "2025-12-08T14:39:31.228Z",
    "user": 1,
    "content_type": 7,
    "object_id": "70",
    "object_repr": "UMUOSU vs MGBARAKUMA - 2025-11-15",
    "action_flag": 3,
    "change_message": ""
  }
},
{
  "model": "admin.logentry",
  "pk": 108,
  "fields": {
    "action_time": "2025-12-08T14:39:31.228Z",
    "user": 1,
    "content_type": 7,
    "object_id": "69",
    "object_repr": "AMUZU vs IPUPE - 2025-11-13",
    "action_flag": 3,
    "change_message": ""
  }
},
{
  "model": "admin.logentry",
  "pk": 109,
  "fields": {
    "action_time": "2025-12-08T14:39:31.228Z",
    "user": 1,
    "content_type": 7,
    "object_id": "68",
    "object_repr": "AMIBO vs EZIAMA - 2025-11-12",
    "action_flag": 3,
    "change_message": ""
  }
},
{
  "model": "admin.logentry",
  "pk": 110,
  "fields": {
    "action_time": "2025-12-08T14:39:31.228Z",
    "user": 1,
    "content_type": 7,
    "object_id": "67",
    "object_repr": "UMUAKO vs LAGURU - 2025-10-12",
    "action_flag": 3,
    "change_message": ""
  }
},
{
  "model": "admin.logentry",
  "pk": 111,
  "fields": {
    "action_time": "2025-12-08T14:39:31.228Z",
    "user": 1,
    "content_type": 7,
    "object_id": "66",
    "object_repr": "UMUOGO vs UTURU - 2025-09-12",
    "action_flag": 3,
    "change_message": ""
  }
},
{
  "model": "admin.logentry",
  "pk": 112,
  "fields": {
    "action_time": "2025-12-08T14:39:31.228Z",
    "user": 1,
    "content_type": 7,
    "object_id": "65",
    "object_repr": "AVODIM vs EZU N'ERIM - 2025-08-12",
    "action_flag": 3,
    "change_message": ""
  }
},
{
  "model": "admin.logentry",
  "pk": 113,
  "fields": {
    "action_time": "2025-12-08T14:39:31.228Z",
    "user": 1,
    "content_type": 7,
    "object_id": "64",
    "object_repr": "EZIAMA vs ABAM - 2025-07-12",
    "action_flag": 3,
    "change_message": ""
  }
},
{
  "model": "admin.logentry",
  "pk": 114,
  "fields": {
    "action_time": "2025-12-08T14:39:31.228Z",
    "user": 1,
    "content_type": 7,
    "object_id": "63",
    "object_repr": "MGBARAKUMA vs UMUAKO - 2025-06-12",
    "action_flag": 3,
    "change_message": ""
  }
},
{
  "model": "admin.logentry",
  "pk": 115,
  "fields": {
    "action_time": "2025-12-08T14:39:31.228Z",
    "user": 1,
    "content_type": 7,
    "object_id": "62",
    "object_repr": "UMUMBA vs UMUOGO - 2025-05-12",
    "action_flag": 3,
    "change_message": ""
  }
},
{
  "model": "admin.logentry",
  "pk": 116,
  "fields": {
    "action_time": "2025-12-08T14:39:31.228Z",
    "user": 1,
    "content_type": 7,
    "object_id": "61",
    "object_repr": "IPUPE vs AVODIM - 2025-04-12",
    "action_flag": 3,
    "change_message": ""
  }
},
{
  "model": "admin.logentry",
  "pk": 117,
  "fields": {
    "action_time": "2025-12-08T14:39:31.228Z",
    "user": 1,
    "content_type": 7,
    "object_id": "60",
    "object_repr": "ABAM vs AMIBO - 2025-03-12",
    "action_flag": 3,
    "change_message": ""
  }
},
{
  "model": "admin.logentry",
  "pk": 118,
  "fields": {
    "action_time": "2025-12-08T14:39:31.228Z",
    "user": 1,
    "content_type": 7,
    "object_id": "59",
    "object_repr": "UMUOSU vs LAGURU - 2025-02-12",
    "action_flag": 3,
    "change_message": ""
  }
},
{
  "model": "admin.logentry",
  "pk": 119,
  "fields": {
    "action_time": "2025-12-08T15:30:37.094Z",
    "user": 1,
    "content_type": 7,
    "object_id": "93",
    "object_repr": "LAGURU vs MGBARAKUMA - 2025-12-20",
    "action_flag": 3,
    "change_message": ""
  }
},
{
  "model": "admin.logentry",
  "pk": 120,
  "fields": {
    "action_time": "2025-12-08T15:30:37.094Z",
    "user": 1,
    "content_type": 7,
    "object_id": "92",
    "object_repr": "UTURU vs UMUMBA - 2025-12-20",
    "action_flag": 3,
    "change_message": ""
  }
},
{
  "model": "admin.logentry",
  "pk": 121,
  "fields": {
    "action_time": "2025-12-08T15:30:37.095Z",
    "user": 1,
    "content_type": 7,
    "object_id": "91",
    "object_repr": "EZU N'ERIM vs IPUPE - 2025-12-19",
    "action_flag": 3,
    "change_message": ""
  }
},
{
  "model": "admin.logentry",
  "pk": 122,
  "fields": {
    "action_time": "2025-12-08T15:30:37.095Z",
    "user": 1,
    "content_type": 7,
    "object_id": "90",
    "object_repr": "UMUAKO vs UMUOSU - 2025-12-18",
    "action_flag": 3,
    "change_message": ""
  }
},
{
  "model": "admin.logentry",
  "pk": 123,
  "fields": {
    "action_time": "2025-12-08T15:30:37.095Z",
    "user": 1,
    "content_type": 7,
    "object_id": "89",
    "object_repr": "AVODIM vs AMUZU - 2025-12-16",
    "action_flag": 3,
    "change_message": ""
  }
},
{
  "model": "admin.logentry",
  "pk": 124,
  "fields": {
    "action_time": "2025-12-08T15:30:37.095Z",
    "user": 1,
    "content_type": 7,
    "object_id": "88",
    "object_repr": "UMUOSU vs MGBARAKUMA - 2025-12-15",
    "action_flag": 3,
    "change_message": ""
  }
},
{
  "model": "admin.logentry",
  "pk": 125,
  "fields": {
    "action_time": "2025-12-08T15:30:37.095Z",
    "user": 1,
    "content_type": 7,
    "object_id": "87",
    "object_repr": "AMUZU vs IPUPE - 2025-12-13",
    "action_flag": 3,
    "change_message": ""
  }
},
{
  "model": "admin.logentry",
  "pk": 126,
  "fields": {
    "action_time": "2025-12-08T15:30:37.095Z",
    "user": 1,
    "content_type": 7,
    "object_id": "86",
    "object_repr": "AMIBO vs EZIAMA - 2025-11-12",
    "action_flag": 3,
    "change_message": ""
  }
},
{
  "model": "admin.logentry",
  "pk": 127,
  "fields": {
    "action_time": "2025-12-08T15:30:37.095Z",
    "user": 1,
    "content_type": 7,
    "object_id": "85",
    "object_repr": "UMUAKO vs LAGURU - 2025-10-12",
    "action_flag": 3,
    "change_message": ""
  }
},
{
  "model": "admin.logentry",
  "pk": 128,
  "fields": {
    "action_time": "2025-12-08T15:30:37.095Z",
    "user": 1,
    "content_type": 7,
    "object_id": "84",
    "object_repr": "UMUOGO vs UTURU - 2025-09-12",
    "action_flag": 3,
    "change_message": ""
  }
},
{
  "model": "admin.logentry",
  "pk": 129,
  "fields": {
    "action_time": "2025-12-08T15:30:37.095Z",
    "user": 1,
    "content_type": 7,
    "object_id": "83",
    "object_repr": "AVODIM vs EZU N'ERIM - 2025-08-12",
    "action_flag": 3,
    "change_message": ""
  }
},
{
  "model": "admin.logentry",
  "pk": 130,
  "fields": {
    "action_time": "2025-12-08T15:30:37.096Z",
    "user": 1,
    "content_type": 7,
    "object_id": "82",
    "object_repr": "EZIAMA vs ABAM - 2025-07-12",
    "action_flag": 3,
    "change_message": ""
  }
},
{
  "model": "admin.logentry",
  "pk": 131,
  "fields": {
    "action_time": "2025-12-08T15:30:37.096Z",
    "user": 1,
    "content_type": 7,
    "object_id": "81",
    "object_repr": "MGBARAKUMA vs UMUAKO - 2025-06-12",
    "action_flag": 3,
    "change_message": ""
  }
},
{
  "model": "admin.logentry",
  "pk": 132,
  "fields": {
    "action_time": "2025-12-08T15:30:37.096Z",
    "user": 1,
    "content_type": 7,
    "object_id": "80",
    "object_repr": "UMUMBA vs UMUOGO - 2025-05-12",
    "action_flag": 3,
    "change_message": ""
  }
},
{
  "model": "admin.logentry",
  "pk": 133,
  "fields": {
    "action_time": "2025-12-08T15:30:37.096Z",
    "user": 1,
    "content_type": 7,
    "object_id": "79",
    "object_repr": "IPUPE vs AVODIM - 2025-04-12",
    "action_flag": 3,
    "change_message": ""
  }
},
{
  "model": "admin.logentry",
  "pk": 134,
  "fields": {
    "action_time": "2025-12-08T15:30:37.096Z",
    "user": 1,
    "content_type": 7,
    "object_id": "78",
    "object_repr": "ABAM vs AMIBO - 2025-03-12",
    "action_flag": 3,
    "change_message": ""
  }
},
{
  "model": "admin.logentry",
  "pk": 135,
  "fields": {
    "action_time": "2025-12-08T15:30:37.096Z",
    "user": 1,
    "content_type": 7,
    "object_id": "77",
    "object_repr": "UMUOSU vs LAGURU - 2025-02-12",
    "action_flag": 3,
    "change_message": ""
  }
},
{
  "model": "admin.logentry",
  "pk": 136,
  "fields": {
    "action_time": "2025-12-08T15:30:37.096Z",
    "user": 1,
    "content_type": 7,
    "object_id": "76",
    "object_repr": "AMUZU vs EZU N'ERIM - 2025-11-30",
    "action_flag": 3,
    "change_message": ""
  }
},
{
  "model": "admin.logentry",
  "pk": 137,
  "fields": {
    "action_time": "2025-12-09T08:43:50.274Z",
    "user": 1,
    "content_type": 7,
    "object_id": "111",
    "object_repr": "AMIBO vs EZIAMA - 2025-12-11",
    "action_flag": 2,
    "change_message": "[{\"changed\": {\"fields\": [\"Match date\"]}}]"
  }
},
{
  "model": "admin.logentry",
  "pk": 138,
  "fields": {
    "action_time": "2025-12-09T08:44:19.918Z",
    "user": 1,
    "content_type": 7,
    "object_id": "110",
    "object_repr": "UMUAKO vs LAGURU - 2025-12-10",
    "action_flag": 2,
    "change_message": "[{\"changed\": {\"fields\": [\"Match date\"]}}]"
  }
},
{
  "model": "admin.logentry",
  "pk": 139,
  "fields": {
    "action_time": "2025-12-09T08:44:56.974Z",
    "user": 1,
    "content_type": 7,
    "object_id": "108",
    "object_repr": "AVODIM vs EZU N'ERIM - 2025-12-08",
    "action_flag": 2,
    "change_message": "[{\"changed\": {\"fields\": [\"Match date\"]}}]"
  }
},
{
  "model": "admin.logentry",
  "pk": 140,
  "fields": {
    "action_time": "2025-12-09T08:45:12.226Z",
    "user": 1,
    "content_type": 7,
    "object_id": "107",
    "object_repr": "EZIAMA vs ABAM - 2025-12-07",
    "action_flag": 2,
    "change_message": "[{\"changed\": {\"fields\": [\"Match date\"]}}]"
  }
},
{
  "model": "admin.logentry",
  "pk": 141,
  "fields": {
    "action_time": "2025-12-09T08:45:29.431Z",
    "user": 1,
    "content_type": 7,
    "object_id": "106",
    "object_repr": "MGBARAKUMA vs UMUAKO - 2025-12-06",
    "action_flag": 2,
    "change_message": "[{\"changed\": {\"fields\": [\"Match date\"]}}]"
  }
},
{
  "model": "admin.logentry",
  "pk": 142,
  "fields": {
    "action_time": "2025-12-09T08:46:18.067Z",
    "user": 1,
    "content_type": 7,
    "object_id": "105",
    "object_repr": "UMUMBA vs UMUOGO - 2025-12-05",
    "action_flag": 2,
    "change_message": "[{\"changed\": {\"fields\": [\"Match date\"]}}]"
  }
},
{
  "model": "admin.logentry",
  "pk": 143,
  "fields": {
    "action_time": "2025-12-09T08:46:56.316Z",
    "user": 1,
    "content_type": 7,
    "object_id": "104",
    "object_repr": "IPUPE vs AVODIM - 2025-12-04",
    "action_flag": 2,
    "change_message": "[{\"changed\": {\"fields\": [\"Match date\"]}}]"
  }
},
{
  "model": "admin.logentry",
  "pk": 144,
  "fields": {
    "action_time": "2025-12-09T08:47:11.828Z",
    "user": 1,
    "content_type": 7,
    "object_id": "103",
    "object_repr": "ABAM vs AMIBO - 2025-12-03",
    "action_flag": 2,
    "change_message": "[{\"changed\": {\"fields\": [\"Match date\"]}}]"
  }
},
{
  "model": "admin.logentry",
  "pk": 145,
  "fields": {
    "action_time": "2025-12-09T08:47:51.281Z",
    "user": 1,
    "content_type": 7,
    "object_id": "102",
    "object_repr": "UMUOSU vs LAGURU - 2025-12-02",
    "action_flag": 2,
    "change_message": "[{\"changed\": {\"fields\": [\"Match date\"]}}]"
  }
},
{
  "model": "admin.logentry",
  "pk": 146,
  "fields": {
    "action_time": "2025-12-09T08:53:43.260Z",
    "user": 1,
    "content_type": 7,
    "object_id": "109",
    "object_repr": "UMUOGO vs UTURU - 2025-12-09",
    "action_flag": 2,
    "change_message": "[{\"changed\": {\"fields\": [\"Match date\"]}}]"
  }
},
{
  "model": "admin.logentry",
  "pk": 147,
  "fields": {
    "action_time": "2025-12-09T08:55:10.766Z",
    "user": 1,
    "content_type": 7,
    "object_id": "112",
    "object_repr": "NZUKWE vs UTURU - 2025-12-01",
    "action_flag": 1,
    "change_message": "[{\"added\": {}}]"
  }
},
{
  "model": "admin.logentry",
  "pk": 148,
  "fields": {
    "action_time": "2025-12-09T08:55:36.665Z",
    "user": 1,
    "content_type": 7,
    "object_id": "101",
    "object_repr": "AMUZU vs EZU N'ERIM - 2025-11-30",
    "action_flag": 2,
    "change_message": "[{\"changed\": {\"fields\": [\"Home score\", \"Away score\"]}}]"
  }
},
{
  "model": "admin.logentry",
  "pk": 149,
  "fields": {
    "action_time": "2025-12-09T08:56:27.912Z",
    "user": 1,
    "content_type": 7,
    "object_id": "101",
    "object_repr": "AMUZU vs EZU N'ERIM - 2025-11-30",
    "action_flag": 2,
    "change_message": "[{\"changed\": {\"fields\": [\"Is played\", \"Matchday\"]}}]"
  }
},
{
  "model": "admin.logentry",
  "pk": 150,
  "fields": {
    "action_time": "2025-12-09T08:58:39.466Z",
    "user": 1,
    "content_type": 7,
    "object_id": "113",
    "object_repr": "NZUKWE vs UMUMBA - 2025-12-14",
    "action_flag": 1,
    "change_message": "[{\"added\": {}}]"
  }
},
{
  "model": "admin.logentry",
  "pk": 151,
  "fields": {
    "action_time": "2025-12-09T08:58:47.000Z",
    "user": 1,
    "content_type": 7,
    "object_id": "113",
    "object_repr": "NZUKWE vs UMUMBA - 2025-12-14",
    "action_flag": 2,
    "change_message": "[{\"changed\": {\"fields\": [\"Is played\"]}}]"
  }
},
{
  "model": "admin.logentry",
  "pk": 152,
  "fields": {
    "action_time": "2025-12-09T08:59:49.876Z",
    "user": 1,
    "content_type": 7,
    "object_id": "114",
    "object_repr": "UMUOGO vs NZUKWE - 2025-12-17",
    "action_flag": 1,
    "change_message": "[{\"added\": {}}]"
  }
},
{
  "model": "admin.logentry",
  "pk": 153,
  "fields": {
    "action_time": "2025-12-09T09:02:57.645Z",
    "user": 1,
    "content_type": 7,
    "object_id": "103",
    "object_repr": "ABAM vs AMIBO - 2025-12-03",
    "action_flag": 2,
    "change_message": "[{\"changed\": {\"fields\": [\"Home score\", \"Away score\", \"Is played\"]}}]"
  }
},
{
  "model": "admin.logentry",
  "pk": 154,
  "fields": {
    "action_time": "2025-12-09T09:03:30.622Z",
    "user": 1,
    "content_type": 7,
    "object_id": "102",
    "object_repr": "UMUOSU vs LAGURU - 2025-12-02",
    "action_flag": 2,
    "change_message": "[{\"changed\": {\"fields\": [\"Home score\", \"Away score\"]}}]"
  }
},
{
  "model": "admin.logentry",
  "pk": 155,
  "fields": {
    "action_time": "2025-12-09T09:03:51.200Z",
    "user": 1,
    "content_type": 7,
    "object_id": "105",
    "object_repr": "UMUMBA vs UMUOGO - 2025-12-05",
    "action_flag": 2,
    "change_message": "[{\"changed\": {\"fields\": [\"Home score\", \"Away score\"]}}]"
  }
},
{
  "model": "admin.logentry",
  "pk": 156,
  "fields": {
    "action_time": "2025-12-09T09:04:11.981Z",
    "user": 1,
    "content_type": 7,
    "object_id": "106",
    "object_repr": "MGBARAKUMA vs UMUAKO - 2025-12-06",
    "action_flag": 2,
    "change_message": "[{\"changed\": {\"fields\": [\"Home score\", \"Away score\"]}}]"
  }
},
{
  "model": "admin.logentry",
  "pk": 157,
  "fields": {
    "action_time": "2025-12-09T09:04:24.811Z",
    "user": 1,
    "content_type": 7,
    "object_id": "107",
    "object_repr": "EZIAMA vs ABAM - 2025-12-07",
    "action_flag": 2,
    "change_message": "[{\"changed\": {\"fields\": [\"Home score\", \"Away score\", \"Is played\"]}}]"
  }
},
{
  "model": "admin.logentry",
  "pk": 158,
  "fields": {
    "action_time": "2025-12-09T09:17:21.965Z",
    "user": 1,
    "content_type": 7,
    "object_id": "112",
    "object_repr": "NZUKWE vs UTURU - 2025-12-01",
    "action_flag": 2,
    "change_message": "[{\"changed\": {\"fields\": [\"Home score\", \"Away score\"]}}]"
  }
},
{
  "model": "admin.logentry",
  "pk": 159,
  "fields": {
    "action_time": "2025-12-09T09:17:30.541Z",
    "user": 1,
    "content_type": 7,
    "object_id": "102",
    "object_repr": "UMUOSU vs LAGURU - 2025-12-02",
    "action_flag": 2,
    "change_message": "[]"
  }
},
{
  "model": "admin.logentry",
  "pk": 160,
  "fields": {
    "action_time": "2025-12-09T09:18:28.084Z",
    "user": 1,
    "content_type": 7,
    "object_id": "104",
    "object_repr": "IPUPE vs AVODIM - 2025-12-04",
    "action_flag": 2,
    "change_message": "[{\"changed\": {\"fields\": [\"Home score\", \"Away score\"]}}]"
  }
},
{
  "model": "admin.logentry",
  "pk": 161,
  "fields": {
    "action_time": "2025-12-09T09:18:51.592Z",
    "user": 1,
    "content_type": 7,
    "object_id": "105",
    "object_repr": "UMUMBA vs UMUOGO - 2025-12-05",
    "action_flag": 2,
    "change_message": "[]"
  }
},
{
  "model": "admin.logentry",
  "pk": 162,
  "fields": {
    "action_time": "2025-12-09T09:18:56.787Z",
    "user": 1,
    "content_type": 7,
    "object_id": "106",
    "object_repr": "MGBARAKUMA vs UMUAKO - 2025-12-06",
    "action_flag": 2,
    "change_message": "[]"
  }
},
{
  "model": "admin.logentry",
  "pk": 163,
  "fields": {
    "action_time": "2025-12-09T09:19:12.396Z",
    "user": 1,
    "content_type": 7,
    "object_id": "108",
    "object_repr": "AVODIM vs EZU N'ERIM - 2025-12-08",
    "action_flag": 2,
    "change_message": "[{\"changed\": {\"fields\": [\"Home score\", \"Away score\"]}}]"
  }
},
{
  "model": "admin.logentry",
  "pk": 164,
  "fields": {
    "action_time": "2025-12-09T09:20:51.210Z",
    "user": 1,
    "content_type": 7,
    "object_id": "103",
    "object_repr": "ABAM vs AMIBO - 2025-12-03",
    "action_flag": 2,
    "change_message": "[]"
  }
},
{
  "model": "admin.logentry",
  "pk": 165,
  "fields": {
    "action_time": "2025-12-09T09:22:35.127Z",
    "user": 1,
    "content_type": 7,
    "object_id": "103",
    "object_repr": "ABAM vs AMIBO - 2025-12-03",
    "action_flag": 2,
    "change_message": "[]"
  }
},
{
  "model": "admin.logentry",
  "pk": 166,
  "fields": {
    "action_time": "2025-12-09T10:06:24.902Z",
    "user": 1,
    "content_type": 10,
    "object_id": "14",
    "object_repr": "NSIRIMO AUTONOMOUS",
    "action_flag": 2,
    "change_message": "[{\"changed\": {\"fields\": [\"Name\"]}}]"
  }
},
{
  "model": "auth.permission",
  "fields": {
    "name": "Can add log entry",
    "content_type": 1,
    "codename": "add_logentry"
  }
},
{
  "model": "auth.permission",
  "fields": {
    "name": "Can change log entry",
    "content_type": 1,
    "codename": "change_logentry"
  }
},
{
  "model": "auth.permission",
  "fields": {
    "name": "Can delete log entry",
    "content_type": 1,
    "codename": "delete_logentry"
  }
},
{
  "model": "auth.permission",
  "fields": {
    "name": "Can view log entry",
    "content_type": 1,
    "codename": "view_logentry"
  }
},
{
  "model": "auth.permission",
  "fields": {
    "name": "Can add permission",
    "content_type": 3,
    "codename": "add_permission"
  }
},
{
  "model": "auth.permission",
  "fields": {
    "name": "Can change permission",
    "content_type": 3,
    "codename": "change_permission"
  }
},
{
  "model": "auth.permission",
  "fields": {
    "name": "Can delete permission",
    "content_type": 3,
    "codename": "delete_permission"
  }
},
{
  "model": "auth.permission",
  "fields": {
    "name": "Can view permission",
    "content_type": 3,
    "codename": "view_permission"
  }
},
{
  "model": "auth.permission",
  "fields": {
    "name": "Can add group",
    "content_type": 2,
    "codename": "add_group"
  }
},
{
  "model": "auth.permission",
  "fields": {
    "name": "Can change group",
    "content_type": 2,
    "codename": "change_group"
  }
},
{
  "model": "auth.permission",
  "fields": {
    "name": "Can delete group",
    "content_type": 2,
    "codename": "delete_group"
  }
},
{
  "model": "auth.permission",
  "fields": {
    "name": "Can view group",
    "content_type": 2,
    "codename": "view_group"
  }
},
{
  "model": "auth.permission",
  "fields": {
    "name": "Can add user",
    "content_type": 4,
    "codename": "add_user"
  }
},
{
  "model": "auth.permission",
  "fields": {
    "name": "Can change user",
    "content_type": 4,
    "codename": "change_user"
  }
},
{
  "model": "auth.permission",
  "fields": {
    "name": "Can delete user",
    "content_type": 4,
    "codename": "delete_user"
  }
},
{
  "model": "auth.permission",
  "fields": {
    "name": "Can view user",
    "content_type": 4,
    "codename": "view_user"
  }
},
{
  "model": "auth.permission",
  "fields": {
    "name": "Can add content type",
    "content_type": 5,
    "codename": "add_contenttype"
  }
},
{
  "model": "auth.permission",
  "fields": {
    "name": "Can change content type",
    "content_type": 5,
    "codename": "change_contenttype"
  }
},
{
  "model": "auth.permission",
  "fields": {
    "name": "Can delete content type",
    "content_type": 5,
    "codename": "delete_contenttype"
  }
},
{
  "model": "auth.permission",
  "fields": {
    "name": "Can view content type",
    "content_type": 5,
    "codename": "view_contenttype"
  }
},
{
  "model": "auth.permission",
  "fields": {
    "name": "Can add session",
    "content_type": 6,
    "codename": "add_session"
  }
},
{
  "model": "auth.permission",
  "fields": {
    "name": "Can change session",
    "content_type": 6,
    "codename": "change_session"
  }
},
{
  "model": "auth.permission",
  "fields": {
    "name": "Can delete session",
    "content_type": 6,
    "codename": "delete_session"
  }
},
{
  "model": "auth.permission",
  "fields": {
    "name": "Can view session",
    "content_type": 6,
    "codename": "view_session"
  }
},
{
  "model": "auth.permission",
  "fields": {
    "name": "Can add news",
    "content_type": 8,
    "codename": "add_news"
  }
},
{
  "model": "auth.permission",
  "fields": {
    "name": "Can change news",
    "content_type": 8,
    "codename": "change_news"
  }
},
{
  "model": "auth.permission",
  "fields": {
    "name": "Can delete news",
    "content_type": 8,
    "codename": "delete_news"
  }
},
{
  "model": "auth.permission",
  "fields": {
    "name": "Can view news",
    "content_type": 8,
    "codename": "view_news"
  }
},
{
  "model": "auth.permission",
  "fields": {
    "name": "Can add season",
    "content_type": 9,
    "codename": "add_season"
  }
},
{
  "model": "auth.permission",
  "fields": {
    "name": "Can change season",
    "content_type": 9,
    "codename": "change_season"
  }
},
{
  "model": "auth.permission",
  "fields": {
    "name": "Can delete season",
    "content_type": 9,
    "codename": "delete_season"
  }
},
{
  "model": "auth.permission",
  "fields": {
    "name": "Can view season",
    "content_type": 9,
    "codename": "view_season"
  }
},
{
  "model": "auth.permission",
  "fields": {
    "name": "Can add team",
    "content_type": 10,
    "codename": "add_team"
  }
},
{
  "model": "auth.permission",
  "fields": {
    "name": "Can change team",
    "content_type": 10,
    "codename": "change_team"
  }
},
{
  "model": "auth.permission",
  "fields": {
    "name": "Can delete team",
    "content_type": 10,
    "codename": "delete_team"
  }
},
{
  "model": "auth.permission",
  "fields": {
    "name": "Can view team",
    "content_type": 10,
    "codename": "view_team"
  }
},
{
  "model": "auth.permission",
  "fields": {
    "name": "Can add match",
    "content_type": 7,
    "codename": "add_match"
  }
},
{
  "model": "auth.permission",
  "fields": {
    "name": "Can change match",
    "content_type": 7,
    "codename": "change_match"
  }
},
{
  "model": "auth.permission",
  "fields": {
    "name": "Can delete match",
    "content_type": 7,
    "codename": "delete_match"
  }
},
{
  "model": "auth.permission",
  "fields": {
    "name": "Can view match",
    "content_type": 7,
    "codename": "view_match"
  }
},
{
  "model": "auth.permission",
  "fields": {
    "name": "Can add team group",
    "content_type": 12,
    "codename": "add_teamgroup"
  }
},
{
  "model": "auth.permission",
  "fields": {
    "name": "Can change team group",
    "content_type": 12,
    "codename": "change_teamgroup"
  }
},
{
  "model": "auth.permission",
  "fields": {
    "name": "Can delete team group",
    "content_type": 12,
    "codename": "delete_teamgroup"
  }
},
{
  "model": "auth.permission",
  "fields": {
    "name": "Can view team group",
    "content_type": 12,
    "codename": "view_teamgroup"
  }
},
{
  "model": "auth.permission",
  "fields": {
    "name": "Can add group",
    "content_type": 11,
    "codename": "add_group"
  }
},
{
  "model": "auth.permission",
  "fields": {
    "name": "Can change group",
    "content_type": 11,
    "codename": "change_group"
  }
},
{
  "model": "auth.permission",
  "fields": {
    "name": "Can delete group",
    "content_type": 11,
    "codename": "delete_group"
  }
},
{
  "model": "auth.permission",
  "fields": {
    "name": "Can view group",
    "content_type": 11,
    "codename": "view_group"
  }
},
{
  "model": "auth.user",
  "fields": {
    "password": "pbkdf2_sha256$1200000$9mVNV8GjokpbOWOmu0HXtE$RYzyGnMVBtBoGkOO3cQyyh+UOnID9gODg08gu81LDwA=",
    "last_login": "2025-12-05T13:08:33.881Z",
    "is_superuser": true,
    "username": "keleychy",
    "first_name": "",
    "last_name": "",
    "email": "keleychy1@gmail.com",
    "is_staff": true,
    "is_active": true,
    "date_joined": "2025-12-05T10:57:42.028Z",
    "groups": [],
    "user_permissions": []
  }
},
{
  "model": "contenttypes.contenttype",
  "fields": {
    "app_label": "admin",
    "model": "logentry"
  }
},
{
  "model": "contenttypes.contenttype",
  "fields": {
    "app_label": "auth",
    "model": "group"
  }
},
{
  "model": "contenttypes.contenttype",
  "fields": {
    "app_label": "auth",
    "model": "permission"
  }
},
{
  "model": "contenttypes.contenttype",
  "fields": {
    "app_label": "auth",
    "model": "user"
  }
},
{
  "model": "contenttypes.contenttype",
  "fields": {
    "app_label": "contenttypes",
    "model": "contenttype"
  }
},
{
  "model": "contenttypes.contenttype",
  "fields": {
    "app_label": "sessions",
    "model": "session"
  }
},
{
  "model": "contenttypes.contenttype",
  "fields": {
    "app_label": "league",
    "model": "match"
  }
},
{
  "model": "contenttypes.contenttype",
  "fields": {
    "app_label": "league",
    "model": "news"
  }
},
{
  "model": "contenttypes.contenttype",
  "fields": {
    "app_label": "league",
    "model": "season"
  }
},
{
  "model": "contenttypes.contenttype",
  "fields": {
    "app_label": "league",
    "model": "team"
  }
},
{
  "model": "contenttypes.contenttype",
  "fields": {
    "app_label": "league",
    "model": "group"
  }
},
{
  "model": "contenttypes.contenttype",
  "fields": {
    "app_label": "league",
    "model": "teamgroup"
  }
},
{
  "model": "sessions.session",
  "pk": "hr2htjj6xeziwzdqqcof3ijeoavwbrq6",
  "fields": {
    "session_data": ".eJxVjMEOwiAQRP-FsyG7NC3g0bvfQFhgpWogKe2p8d8tSQ96m8x7M7twfluz21pa3BzFVaC4_HbkwyuVDuLTl0eVoZZ1mUl2RZ60yXuN6X073b-D7Fvua42WGCYbLWEw2uiIigKjZQ5qRD0BDEcGGggU6ENNPBIYg8Ery-LzBeOzN9Y:1vRVY1:iabzXzwIfZdWWTbsaGc33IYCTXn4efd0IYIT7gajPxQ",
    "expire_date": "2025-12-19T13:08:33.887Z"
  }
},
{
  "model": "league.team",
  "pk": 1,
  "fields": {
    "name": "ABAM",
    "short_name": "AB",
    "logo": "",
    "created_at": "2025-12-05T13:53:18.153Z"
  }
},
{
  "model": "league.team",
  "pk": 2,
  "fields": {
    "name": "AMIGBO",
    "short_name": "",
    "logo": "",
    "created_at": "2025-12-05T13:53:40.914Z"
  }
},
{
  "model": "league.team",
  "pk": 3,
  "fields": {
    "name": "AMUZU",
    "short_name": "",
    "logo": "",
    "created_at": "2025-12-05T17:55:45.340Z"
  }
},
{
  "model": "league.team",
  "pk": 4,
  "fields": {
    "name": "EZU N'ERIM",
    "short_name": "",
    "logo": "",
    "created_at": "2025-12-05T17:55:45.375Z"
  }
},
{
  "model": "league.team",
  "pk": 5,
  "fields": {
    "name": "IPUPE",
    "short_name": "",
    "logo": "",
    "created_at": "2025-12-05T17:55:45.384Z"
  }
},
{
  "model": "league.team",
  "pk": 6,
  "fields": {
    "name": "AVODIM",
    "short_name": "",
    "logo": "",
    "created_at": "2025-12-05T17:55:45.390Z"
  }
},
{
  "model": "league.team",
  "pk": 7,
  "fields": {
    "name": "NZUKWE",
    "short_name": "",
    "logo": "",
    "created_at": "2025-12-05T17:55:45.398Z"
  }
},
{
  "model": "league.team",
  "pk": 8,
  "fields": {
    "name": "UTURU",
    "short_name": "",
    "logo": "",
    "created_at": "2025-12-05T17:55:45.405Z"
  }
},
{
  "model": "league.team",
  "pk": 9,
  "fields": {
    "name": "UMUMBA",
    "short_name": "",
    "logo": "",
    "created_at": "2025-12-05T17:55:45.415Z"
  }
},
{
  "model": "league.team",
  "pk": 10,
  "fields": {
    "name": "UMUOGO",
    "short_name": "",
    "logo": "",
    "created_at": "2025-12-05T17:55:45.421Z"
  }
},
{
  "model": "league.team",
  "pk": 11,
  "fields": {
    "name": "UMUOSU",
    "short_name": "",
    "logo": "",
    "created_at": "2025-12-05T17:55:45.429Z"
  }
},
{
  "model": "league.team",
  "pk": 12,
  "fields": {
    "name": "LAGURU",
    "short_name": "",
    "logo": "",
    "created_at": "2025-12-05T17:55:45.437Z"
  }
},
{
  "model": "league.team",
  "pk": 13,
  "fields": {
    "name": "MGBARAKUMA",
    "short_name": "",
    "logo": "",
    "created_at": "2025-12-05T17:55:45.443Z"
  }
},
{
  "model": "league.team",
  "pk": 14,
  "fields": {
    "name": "NSIRIMO AUTONOMOUS",
    "short_name": "",
    "logo": "",
    "created_at": "2025-12-05T17:55:45.450Z"
  }
},
{
  "model": "league.team",
  "pk": 16,
  "fields": {
    "name": "EZIAMA",
    "short_name": "",
    "logo": "",
    "created_at": "2025-12-05T17:55:45.472Z"
  }
},
{
  "model": "league.season",
  "pk": 1,
  "fields": {
    "name": "2025 SENIOR BOYS CUP",
    "start_date": "2025-06-01",
    "end_date": null,
    "category": "senior_boys"
  }
},
{
  "model": "league.season",
  "pk": 2,
  "fields": {
    "name": "2025 GIRLS CUP",
    "start_date": "2025-06-01",
    "end_date": null,
    "category": "girls"
  }
},
{
  "model": "league.season",
  "pk": 3,
  "fields": {
    "name": "2025 JUNIOR BOYS CUP",
    "start_date": "2025-06-01",
    "end_date": null,
    "category": "junior_boys"
  }
},
{
  "model": "league.group",
  "pk": 3,
  "fields": {
    "name": "C",
    "category": "SENIOR BOYS",
    "season": 1
  }
},
{
  "model": "league.group",
  "pk": 4,
  "fields": {
    "name": "D",
    "category": "SENIOR BOYS",
    "season": 1
  }
},
{
  "model": "league.group",
  "pk": 5,
  "fields": {
    "name": "A",
    "category": "GIRLS CUP",
    "season": 2
  }
},
{
  "model": "league.group",
  "pk": 6,
  "fields": {
    "name": "B",
    "category": "GIRLS CUP",
    "season": 2
  }
},
{
  "model": "league.group",
  "pk": 7,
  "fields": {
    "name": "C",
    "category": "GIRLS CUP",
    "season": 2
  }
},
{
  "model": "league.group",
  "pk": 8,
  "fields": {
    "name": "D",
    "category": "GIRLS CUP",
    "season": 2
  }
},
{
  "model": "league.group",
  "pk": 9,
  "fields": {
    "name": "A",
    "category": "JUNIOR BOYS",
    "season": 3
  }
},
{
  "model": "league.group",
  "pk": 10,
  "fields": {
    "name": "B",
    "category": "JUNIOR BOYS",
    "season": 3
  }
},
{
  "model": "league.group",
  "pk": 11,
  "fields": {
    "name": "C",
    "category": "JUNIOR BOYS",
    "season": 3
  }
},
{
  "model": "league.group",
  "pk": 12,
  "fields": {
    "name": "D",
    "category": "JUNIOR BOYS",
    "season": 3
  }
},
{
  "model": "league.group",
  "pk": 13,
  "fields": {
    "name": "A",
    "category": "SENIOR BOYS",
    "season": 1
  }
},
{
  "model": "league.group",
  "pk": 14,
  "fields": {
    "name": "B",
    "category": "SENIOR BOYS",
    "season": 1
  }
},
{
  "model": "league.teamgroup",
  "pk": 3,
  "fields": {
    "team": 12,
    "group": 3,
    "season": 1
  }
},
{
  "model": "league.teamgroup",
  "pk": 4,
  "fields": {
    "team": 1,
    "group": 4,
    "season": 1
  }
},
{
  "model": "league.teamgroup",
  "pk": 7,
  "fields": {
    "team": 14,
    "group": 3,
    "season": 1
  }
},
{
  "model": "league.teamgroup",
  "pk": 8,
  "fields": {
    "team": 16,
    "group": 4,
    "season": 1
  }
},
{
  "model": "league.teamgroup",
  "pk": 11,
  "fields": {
    "team": 13,
    "group": 3,
    "season": 1
  }
},
{
  "model": "league.teamgroup",
  "pk": 12,
  "fields": {
    "team": 2,
    "group": 4,
    "season": 1
  }
},
{
  "model": "league.teamgroup",
  "pk": 15,
  "fields": {
    "team": 11,
    "group": 3,
    "season": 1
  }
},
{
  "model": "league.teamgroup",
  "pk": 21,
  "fields": {
    "team": 3,
    "group": 13,
    "season": 1
  }
},
{
  "model": "league.teamgroup",
  "pk": 22,
  "fields": {
    "team": 4,
    "group": 13,
    "season": 1
  }
},
{
  "model": "league.teamgroup",
  "pk": 23,
  "fields": {
    "team": 5,
    "group": 13,
    "season": 1
  }
},
{
  "model": "league.teamgroup",
  "pk": 24,
  "fields": {
    "team": 6,
    "group": 13,
    "season": 1
  }
},
{
  "model": "league.teamgroup",
  "pk": 25,
  "fields": {
    "team": 7,
    "group": 14,
    "season": 1
  }
},
{
  "model": "league.teamgroup",
  "pk": 26,
  "fields": {
    "team": 8,
    "group": 14,
    "season": 1
  }
},
{
  "model": "league.teamgroup",
  "pk": 27,
  "fields": {
    "team": 9,
    "group": 14,
    "season": 1
  }
},
{
  "model": "league.teamgroup",
  "pk": 28,
  "fields": {
    "team": 10,
    "group": 14,
    "season": 1
  }
},
{
  "model": "league.teamgroup",
  "pk": 29,
  "fields": {
    "team": 11,
    "group": 9,
    "season": 3
  }
},
{
  "model": "league.teamgroup",
  "pk": 30,
  "fields": {
    "team": 16,
    "group": 9,
    "season": 3
  }
},
{
  "model": "league.teamgroup",
  "pk": 31,
  "fields": {
    "team": 3,
    "group": 9,
    "season": 3
  }
},
{
  "model": "league.teamgroup",
  "pk": 32,
  "fields": {
    "team": 7,
    "group": 9,
    "season": 3
  }
},
{
  "model": "league.teamgroup",
  "pk": 33,
  "fields": {
    "team": 5,
    "group": 10,
    "season": 3
  }
},
{
  "model": "league.teamgroup",
  "pk": 34,
  "fields": {
    "team": 8,
    "group": 10,
    "season": 3
  }
},
{
  "model": "league.teamgroup",
  "pk": 35,
  "fields": {
    "team": 4,
    "group": 10,
    "season": 3
  }
},
{
  "model": "league.teamgroup",
  "pk": 36,
  "fields": {
    "team": 6,
    "group": 10,
    "season": 3
  }
},
{
  "model": "league.teamgroup",
  "pk": 37,
  "fields": {
    "team": 12,
    "group": 11,
    "season": 3
  }
},
{
  "model": "league.teamgroup",
  "pk": 38,
  "fields": {
    "team": 14,
    "group": 11,
    "season": 3
  }
},
{
  "model": "league.teamgroup",
  "pk": 39,
  "fields": {
    "team": 9,
    "group": 11,
    "season": 3
  }
},
{
  "model": "league.teamgroup",
  "pk": 40,
  "fields": {
    "team": 13,
    "group": 11,
    "season": 3
  }
},
{
  "model": "league.teamgroup",
  "pk": 41,
  "fields": {
    "team": 10,
    "group": 12,
    "season": 3
  }
},
{
  "model": "league.teamgroup",
  "pk": 42,
  "fields": {
    "team": 2,
    "group": 12,
    "season": 3
  }
},
{
  "model": "league.teamgroup",
  "pk": 43,
  "fields": {
    "team": 1,
    "group": 12,
    "season": 3
  }
},
{
  "model": "league.teamgroup",
  "pk": 44,
  "fields": {
    "team": 9,
    "group": 8,
    "season": 2
  }
},
{
  "model": "league.teamgroup",
  "pk": 45,
  "fields": {
    "team": 5,
    "group": 8,
    "season": 2
  }
},
{
  "model": "league.teamgroup",
  "pk": 46,
  "fields": {
    "team": 6,
    "group": 8,
    "season": 2
  }
},
{
  "model": "league.teamgroup",
  "pk": 47,
  "fields": {
    "team": 16,
    "group": 7,
    "season": 2
  }
},
{
  "model": "league.teamgroup",
  "pk": 48,
  "fields": {
    "team": 4,
    "group": 7,
    "season": 2
  }
},
{
  "model": "league.teamgroup",
  "pk": 49,
  "fields": {
    "team": 14,
    "group": 7,
    "season": 2
  }
},
{
  "model": "league.teamgroup",
  "pk": 50,
  "fields": {
    "team": 7,
    "group": 7,
    "season": 2
  }
},
{
  "model": "league.teamgroup",
  "pk": 51,
  "fields": {
    "team": 12,
    "group": 6,
    "season": 2
  }
},
{
  "model": "league.teamgroup",
  "pk": 52,
  "fields": {
    "team": 2,
    "group": 6,
    "season": 2
  }
},
{
  "model": "league.teamgroup",
  "pk": 53,
  "fields": {
    "team": 10,
    "group": 6,
    "season": 2
  }
},
{
  "model": "league.teamgroup",
  "pk": 54,
  "fields": {
    "team": 3,
    "group": 6,
    "season": 2
  }
},
{
  "model": "league.teamgroup",
  "pk": 55,
  "fields": {
    "team": 11,
    "group": 5,
    "season": 2
  }
},
{
  "model": "league.teamgroup",
  "pk": 56,
  "fields": {
    "team": 13,
    "group": 5,
    "season": 2
  }
},
{
  "model": "league.teamgroup",
  "pk": 57,
  "fields": {
    "team": 1,
    "group": 5,
    "season": 2
  }
},
{
  "model": "league.teamgroup",
  "pk": 58,
  "fields": {
    "team": 8,
    "group": 5,
    "season": 2
  }
},
{
  "model": "league.match",
  "pk": 94,
  "fields": {
    "season": 1,
    "home_team": 3,
    "away_team": 5,
    "match_date": "2025-12-13T16:00:00Z",
    "venue": "UBAKALA MAIN FIELD",
    "home_score": null,
    "away_score": null,
    "is_played": false,
    "matchday": null
  }
},
{
  "model": "league.match",
  "pk": 95,
  "fields": {
    "season": 1,
    "home_team": 11,
    "away_team": 13,
    "match_date": "2025-12-15T16:00:00Z",
    "venue": "UBAKALA MAIN FIELD",
    "home_score": null,
    "away_score": null,
    "is_played": false,
    "matchday": null
  }
},
{
  "model": "league.match",
  "pk": 96,
  "fields": {
    "season": 1,
    "home_team": 6,
    "away_team": 3,
    "match_date": "2025-12-16T16:00:00Z",
    "venue": "UBAKALA MAIN FIELD",
    "home_score": null,
    "away_score": null,
    "is_played": false,
    "matchday": null
  }
},
{
  "model": "league.match",
  "pk": 97,
  "fields": {
    "season": 1,
    "home_team": 14,
    "away_team": 11,
    "match_date": "2025-12-18T16:00:00Z",
    "venue": "UBAKALA MAIN FIELD",
    "home_score": null,
    "away_score": null,
    "is_played": false,
    "matchday": null
  }
},
{
  "model": "league.match",
  "pk": 98,
  "fields": {
    "season": 1,
    "home_team": 4,
    "away_team": 5,
    "match_date": "2025-12-19T16:00:00Z",
    "venue": "UBAKALA MAIN FIELD",
    "home_score": null,
    "away_score": null,
    "is_played": false,
    "matchday": null
  }
},
{
  "model": "league.match",
  "pk": 99,
  "fields": {
    "season": 1,
    "home_team": 8,
    "away_team": 9,
    "match_date": "2025-12-20T08:00:00Z",
    "venue": "UBAKALA MAIN FIELD",
    "home_score": null,
    "away_score": null,
    "is_played": false,
    "matchday": null
  }
},
{
  "model": "league.match",
  "pk": 100,
  "fields": {
    "season": 1,
    "home_team": 12,
    "away_team": 13,
    "match_date": "2025-12-20T16:00:00Z",
    "venue": "UBAKALA MAIN FIELD",
    "home_score": null,
    "away_score": null,
    "is_played": false,
    "matchday": null
  }
},
{
  "model": "league.match",
  "pk": 101,
  "fields": {
    "season": 1,
    "home_team": 3,
    "away_team": 4,
    "match_date": "2025-11-30T16:00:00Z",
    "venue": "UBAKALA MAIN FIELD",
    "home_score": 1,
    "away_score": 0,
    "is_played": true,
    "matchday": 1
  }
},
{
  "model": "league.match",
  "pk": 102,
  "fields": {
    "season": 1,
    "home_team": 11,
    "away_team": 12,
    "match_date": "2025-12-02T16:00:00Z",
    "venue": "UBAKALA MAIN FIELD",
    "home_score": 0,
    "away_score": 1,
    "is_played": true,
    "matchday": null
  }
},
{
  "model": "league.match",
  "pk": 103,
  "fields": {
    "season": 1,
    "home_team": 1,
    "away_team": 2,
    "match_date": "2025-12-03T16:00:00Z",
    "venue": "UBAKALA MAIN FIELD",
    "home_score": 1,
    "away_score": 2,
    "is_played": true,
    "matchday": null
  }
},
{
  "model": "league.match",
  "pk": 104,
  "fields": {
    "season": 1,
    "home_team": 5,
    "away_team": 6,
    "match_date": "2025-12-04T16:00:00Z",
    "venue": "UBAKALA MAIN FIELD",
    "home_score": 1,
    "away_score": 0,
    "is_played": true,
    "matchday": null
  }
},
{
  "model": "league.match",
  "pk": 105,
  "fields": {
    "season": 1,
    "home_team": 9,
    "away_team": 10,
    "match_date": "2025-12-05T16:00:00Z",
    "venue": "UBAKALA MAIN FIELD",
    "home_score": 1,
    "away_score": 0,
    "is_played": true,
    "matchday": null
  }
},
{
  "model": "league.match",
  "pk": 106,
  "fields": {
    "season": 1,
    "home_team": 13,
    "away_team": 14,
    "match_date": "2025-12-06T16:00:00Z",
    "venue": "UBAKALA MAIN FIELD",
    "home_score": 1,
    "away_score": 0,
    "is_played": true,
    "matchday": null
  }
},
{
  "model": "league.match",
  "pk": 107,
  "fields": {
    "season": 1,
    "home_team": 16,
    "away_team": 1,
    "match_date": "2025-12-07T16:00:00Z",
    "venue": "UBAKALA MAIN FIELD",
    "home_score": 2,
    "away_score": 2,
    "is_played": true,
    "matchday": null
  }
},
{
  "model": "league.match",
  "pk": 108,
  "fields": {
    "season": 1,
    "home_team": 6,
    "away_team": 4,
    "match_date": "2025-12-08T16:00:00Z",
    "venue": "UBAKALA MAIN FIELD",
    "home_score": 1,
    "away_score": 1,
    "is_played": true,
    "matchday": null
  }
},
{
  "model": "league.match",
  "pk": 109,
  "fields": {
    "season": 1,
    "home_team": 10,
    "away_team": 8,
    "match_date": "2025-12-09T16:00:00Z",
    "venue": "UBAKALA MAIN FIELD",
    "home_score": null,
    "away_score": null,
    "is_played": false,
    "matchday": null
  }
},
{
  "model": "league.match",
  "pk": 110,
  "fields": {
    "season": 1,
    "home_team": 14,
    "away_team": 12,
    "match_date": "2025-12-10T16:00:00Z",
    "venue": "UBAKALA MAIN FIELD",
    "home_score": null,
    "away_score": null,
    "is_played": false,
    "matchday": null
  }
},
{
  "model": "league.match",
  "pk": 111,
  "fields": {
    "season": 1,
    "home_team": 2,
    "away_team": 16,
    "match_date": "2025-12-11T16:00:00Z",
    "venue": "UBAKALA MAIN FIELD",
    "home_score": null,
    "away_score": null,
    "is_played": false,
    "matchday": null
  }
},
{
  "model": "league.match",
  "pk": 112,
  "fields": {
    "season": 1,
    "home_team": 7,
    "away_team": 8,
    "match_date": "2025-12-01T16:00:00Z",
    "venue": "UBAKALA MAIN FIELD",
    "home_score": 0,
    "away_score": 0,
    "is_played": true,
    "matchday": null
  }
},
{
  "model": "league.match",
  "pk": 113,
  "fields": {
    "season": 1,
    "home_team": 7,
    "away_team": 9,
    "match_date": "2025-12-14T16:00:00Z",
    "venue": "UBAKALA MAIN FIELD",
    "home_score": null,
    "away_score": null,
    "is_played": false,
    "matchday": null
  }
},
{
  "model": "league.match",
  "pk": 114,
  "fields": {
    "season": 1,
    "home_team": 10,
    "away_team": 7,
    "match_date": "2025-12-17T16:00:00Z",
    "venue": "UBAKALA MAIN FIELD",
    "home_score": null,
    "away_score": null,
    "is_played": false,
    "matchday": null
  }
}
]
