[{"model": "auth.user", "fields": {"password": "pbkdf2_sha256$1200000$9mVNV8GjokpbOWOmu0HXtE$RYzyGnMVBtBoGkOO3cQyyh+UOnID9gODg08gu81LDwA=", "last_login": "2025-12-12T10:57:04.514Z", "is_superuser": true, "username": "keleychy", "first_name": "KELECHI", "last_name": "OGBUEHI", "email": "keleychy1@gmail.com", "is_staff": true, "is_active": true, "date_joined": "2025-12-05T10:57:42Z", "groups": [], "user_permissions": []}}, {"model": "auth.user", "fields": {"password": "pbkdf2_sha256$1200000$EIfEwgM4mze34ZEevVfgQR$p3MU5cAYIMKlKN+Cgk7FBIzHz0xI3bdOplTZpI2NMwU=", "last_login": null, "is_superuser": true, "username": "ADMIN", "first_name": "", "last_name": "", "email": "keleychy2@gmail.com", "is_staff": true, "is_active": false, "date_joined": "2025-12-10T17:01:24Z", "groups": [], "user_permissions": []}}, {"model": "league.team", "pk": 1, "fields": {"name": "ABAM", "short_name": "ABM", "logo": "", "archived": false, "created_at": "2025-12-05T13:53:18.153Z"}}, {"model": "league.team", "pk": 2, "fields": {"name": "AMIBO", "short_name": "AMB", "logo": "", "archived": false, "created_at": "2025-12-05T13:53:40.914Z"}}, {"model": "league.team", "pk": 3, "fields": {"name": "AMUZU", "short_name": "AMZ", "logo": "", "archived": false, "created_at": "2025-12-05T17:55:45.340Z"}}, {"model": "league.team", "pk": 4, "fields": {"name": "EZU N'ERIM", "short_name": "ENE", "logo": "", "archived": false, "created_at": "2025-12-05T17:55:45.375Z"}}, {"model": "league.team", "pk": 5, "fields": {"name": "IPUPE", "short_name": "IPU", "logo": "", "archived": false, "created_at": "2025-12-05T17:55:45.384Z"}}, {"model": "league.team", "pk": 6, "fields": {"name": "AVODIM", "short_name": "AVD", "logo": "", "archived": false, "created_at": "2025-12-05T17:55:45.390Z"}}, {"model": "league.team", "pk": 7, "fields": {"name": "NSUKWE", "short_name": "NSK", "logo": "", "archived": false, "created_at": "2025-12-05T17:55:45.398Z"}}, {"model": "league.team", "pk": 8, "fields": {"name": "UTURU", "short_name": "UTU", "logo": "", "archived": false, "created_at": "2025-12-05T17:55:45.405Z"}}, {"model": "league.team", "pk": 9, "fields": {"name": "UMUMBA", "short_name": "UMB", "logo": "", "archived": false, "created_at": "2025-12-05T17:55:45.415Z"}}, {"model": "league.team", "pk": 10, "fields": {"name": "UMUOGO", "short_name": "UMG", "logo": "", "archived": false, "created_at": "2025-12-05T17:55:45.421Z"}}, {"model": "league.team", "pk": 11, "fields": {"name": "UMUOSU", "short_name": "UMU", "logo": "", "archived": false, "created_at": "2025-12-05T17:55:45.429Z"}}, {"model": "league.team", "pk": 12, "fields": {"name": "LAGURU", "short_name": "LGU", "logo": "", "archived": false, "created_at": "2025-12-05T17:55:45.437Z"}}, {"model": "league.team", "pk": 13, "fields": {"name": "MGBARAKUMA", "short_name": "MBR", "logo": "", "archived": false, "created_at": "2025-12-05T17:55:45.443Z"}}, {"model": "league.team", "pk": 14, "fields": {"name": "NSIRIMO AUTONOMOUS", "short_name": "NSR", "logo": "", "archived": false, "created_at": "2025-12-05T17:55:45.450Z"}}, {"model": "league.team", "pk": 16, "fields": {"name": "EZIAMA", "short_name": "EZI", "logo": "", "archived": false, "created_at": "2025-12-05T17:55:45.472Z"}}, {"model": "league.team", "pk": 22, "fields": {"name": "LOSER 27 (placeholder)", "short_name": "LOSER 27 (placeholde", "logo": "", "archived": true, "created_at": "2025-12-09T19:02:55.752Z"}}, {"model": "league.team", "pk": 24, "fields": {"name": "WINNER 27 (placeholder)", "short_name": "WINNER 27 (placehold", "logo": "", "archived": true, "created_at": "2025-12-09T19:02:55.766Z"}}, {"model": "league.team", "pk": 25, "fields": {"name": "1ST A (placeholder)", "short_name": "1ST A (placeholder)", "logo": "", "archived": true, "created_at": "2025-12-09T20:00:24.438Z"}}, {"model": "league.team", "pk": 26, "fields": {"name": "2ND B (placeholder)", "short_name": "2ND B (placeholder)", "logo": "", "archived": true, "created_at": "2025-12-09T20:00:24.447Z"}}, {"model": "league.team", "pk": 27, "fields": {"name": "1ST C (placeholder)", "short_name": "1ST C (placeholder)", "logo": "", "archived": true, "created_at": "2025-12-09T20:00:24.474Z"}}, {"model": "league.team", "pk": 28, "fields": {"name": "2ND D (placeholder)", "short_name": "2ND D (placeholder)", "logo": "", "archived": true, "created_at": "2025-12-09T20:00:24.483Z"}}, {"model": "league.team", "pk": 29, "fields": {"name": "1ST B (placeholder)", "short_name": "1ST B (placeholder)", "logo": "", "archived": true, "created_at": "2025-12-09T20:00:24.500Z"}}, {"model": "league.team", "pk": 30, "fields": {"name": "2ND A (placeholder)", "short_name": "2ND A (placeholder)", "logo": "", "archived": true, "created_at": "2025-12-09T20:00:24.514Z"}}, {"model": "league.team", "pk": 31, "fields": {"name": "1ST D (placeholder)", "short_name": "1ST D (placeholder)", "logo": "", "archived": true, "created_at": "2025-12-09T20:00:24.532Z"}}, {"model": "league.team", "pk": 32, "fields": {"name": "2ND C (placeholder)", "short_name": "2ND C (placeholder)", "logo": "", "archived": true, "created_at": "2025-12-09T20:00:24.546Z"}}, {"model": "league.team", "pk": 33, "fields": {"name": "WINNER 22 (placeholder)", "short_name": "WINNER 22 (placehold", "logo": "", "archived": true, "created_at": "2025-12-10T17:08:59.434Z"}}, {"model": "league.team", "pk": 34, "fields": {"name": "WINNER 23 (placeholder)", "short_name": "WINNER 23 (placehold", "logo": "", "archived": true, "created_at": "2025-12-10T17:08:59.444Z"}}, {"model": "league.team", "pk": 35, "fields": {"name": "WINNER 24 (placeholder)", "short_name": "WINNER 24 (placehold", "logo": "", "archived": true, "created_at": "2025-12-10T17:08:59.460Z"}}, {"model": "league.team", "pk": 36, "fields": {"name": "WINNER 25 (placeholder)", "short_name": "WINNER 25 (placehold", "logo": "", "archived": true, "created_at": "2025-12-10T17:08:59.465Z"}}, {"model": "league.season", "pk": 1, "fields": {"name": "2025 SENIOR BOYS CUP", "start_date": "2025-06-01", "end_date": "2026-01-01", "category": "senior_boys"}}, {"model": "league.season", "pk": 2, "fields": {"name": "2025 GIRLS CUP", "start_date": "2025-06-01", "end_date": "2026-01-01", "category": "girls"}}, {"model": "league.season", "pk": 3, "fields": {"name": "2025 JUNIOR BOYS CUP", "start_date": "2025-06-01", "end_date": "2026-01-01", "category": "junior_boys"}}, {"model": "league.group", "pk": 3, "fields": {"name": "C", "category": "SENIOR BOYS", "season": 1}}, {"model": "league.group", "pk": 4, "fields": {"name": "D", "category": "SENIOR BOYS", "season": 1}}, {"model": "league.group", "pk": 5, "fields": {"name": "A", "category": "GIRLS CUP", "season": 2}}, {"model": "league.group", "pk": 6, "fields": {"name": "B", "category": "GIRLS CUP", "season": 2}}, {"model": "league.group", "pk": 7, "fields": {"name": "C", "category": "GIRLS CUP", "season": 2}}, {"model": "league.group", "pk": 8, "fields": {"name": "D", "category": "GIRLS CUP", "season": 2}}, {"model": "league.group", "pk": 9, "fields": {"name": "A", "category": "JUNIOR BOYS", "season": 3}}, {"model": "league.group", "pk": 10, "fields": {"name": "B", "category": "JUNIOR BOYS", "season": 3}}, {"model": "league.group", "pk": 11, "fields": {"name": "C", "category": "JUNIOR BOYS", "season": 3}}, {"model": "league.group", "pk": 12, "fields": {"name": "D", "category": "JUNIOR BOYS", "season": 3}}, {"model": "league.group", "pk": 13, "fields": {"name": "A", "category": "SENIOR BOYS", "season": 1}}, {"model": "league.group", "pk": 14, "fields": {"name": "B", "category": "SENIOR BOYS", "season": 1}}, {"model": "league.teamgroup", "pk": 3, "fields": {"team": 12, "group": 3, "season": 1}}, {"model": "league.teamgroup", "pk": 4, "fields": {"team": 1, "group": 4, "season": 1}}, {"model": "league.teamgroup", "pk": 7, "fields": {"team": 14, "group": 3, "season": 1}}, {"model": "league.teamgroup", "pk": 8, "fields": {"team": 16, "group": 4, "season": 1}}, {"model": "league.teamgroup", "pk": 11, "fields": {"team": 13, "group": 3, "season": 1}}, {"model": "league.teamgroup", "pk": 12, "fields": {"team": 2, "group": 4, "season": 1}}, {"model": "league.teamgroup", "pk": 15, "fields": {"team": 11, "group": 3, "season": 1}}, {"model": "league.teamgroup", "pk": 21, "fields": {"team": 3, "group": 13, "season": 1}}, {"model": "league.teamgroup", "pk": 22, "fields": {"team": 4, "group": 13, "season": 1}}, {"model": "league.teamgroup", "pk": 23, "fields": {"team": 5, "group": 13, "season": 1}}, {"model": "league.teamgroup", "pk": 24, "fields": {"team": 6, "group": 13, "season": 1}}, {"model": "league.teamgroup", "pk": 25, "fields": {"team": 7, "group": 14, "season": 1}}, {"model": "league.teamgroup", "pk": 26, "fields": {"team": 8, "group": 14, "season": 1}}, {"model": "league.teamgroup", "pk": 27, "fields": {"team": 9, "group": 14, "season": 1}}, {"model": "league.teamgroup", "pk": 28, "fields": {"team": 10, "group": 14, "season": 1}}, {"model": "league.teamgroup", "pk": 29, "fields": {"team": 11, "group": 9, "season": 3}}, {"model": "league.teamgroup", "pk": 30, "fields": {"team": 16, "group": 9, "season": 3}}, {"model": "league.teamgroup", "pk": 31, "fields": {"team": 3, "group": 9, "season": 3}}, {"model": "league.teamgroup", "pk": 32, "fields": {"team": 7, "group": 9, "season": 3}}, {"model": "league.teamgroup", "pk": 33, "fields": {"team": 5, "group": 10, "season": 3}}, {"model": "league.teamgroup", "pk": 34, "fields": {"team": 8, "group": 10, "season": 3}}, {"model": "league.teamgroup", "pk": 35, "fields": {"team": 4, "group": 10, "season": 3}}, {"model": "league.teamgroup", "pk": 36, "fields": {"team": 6, "group": 10, "season": 3}}, {"model": "league.teamgroup", "pk": 37, "fields": {"team": 12, "group": 11, "season": 3}}, {"model": "league.teamgroup", "pk": 38, "fields": {"team": 14, "group": 11, "season": 3}}, {"model": "league.teamgroup", "pk": 39, "fields": {"team": 9, "group": 11, "season": 3}}, {"model": "league.teamgroup", "pk": 40, "fields": {"team": 13, "group": 11, "season": 3}}, {"model": "league.teamgroup", "pk": 41, "fields": {"team": 10, "group": 12, "season": 3}}, {"model": "league.teamgroup", "pk": 42, "fields": {"team": 2, "group": 12, "season": 3}}, {"model": "league.teamgroup", "pk": 43, "fields": {"team": 1, "group": 12, "season": 3}}, {"model": "league.teamgroup", "pk": 44, "fields": {"team": 9, "group": 8, "season": 2}}, {"model": "league.teamgroup", "pk": 45, "fields": {"team": 5, "group": 8, "season": 2}}, {"model": "league.teamgroup", "pk": 46, "fields": {"team": 6, "group": 8, "season": 2}}, {"model": "league.teamgroup", "pk": 47, "fields": {"team": 16, "group": 7, "season": 2}}, {"model": "league.teamgroup", "pk": 48, "fields": {"team": 4, "group": 7, "season": 2}}, {"model": "league.teamgroup", "pk": 49, "fields": {"team": 14, "group": 7, "season": 2}}, {"model": "league.teamgroup", "pk": 50, "fields": {"team": 7, "group": 7, "season": 2}}, {"model": "league.teamgroup", "pk": 51, "fields": {"team": 12, "group": 6, "season": 2}}, {"model": "league.teamgroup", "pk": 52, "fields": {"team": 2, "group": 6, "season": 2}}, {"model": "league.teamgroup", "pk": 53, "fields": {"team": 10, "group": 6, "season": 2}}, {"model": "league.teamgroup", "pk": 54, "fields": {"team": 3, "group": 6, "season": 2}}, {"model": "league.teamgroup", "pk": 55, "fields": {"team": 11, "group": 5, "season": 2}}, {"model": "league.teamgroup", "pk": 56, "fields": {"team": 13, "group": 5, "season": 2}}, {"model": "league.teamgroup", "pk": 57, "fields": {"team": 1, "group": 5, "season": 2}}, {"model": "league.teamgroup", "pk": 58, "fields": {"team": 8, "group": 5, "season": 2}}, {"model": "league.match", "pk": 94, "fields": {"season": 1, "home_team": 3, "away_team": 5, "match_date": "2025-12-13T16:00:00Z", "venue": "UBAKALA MAIN FIELD", "home_score": null, "away_score": null, "penalty_home": null, "penalty_away": null, "is_played": false, "matchday": 13, "awarded": false, "awarded_reason": "", "awarded_to": null, "original_home_score": null, "original_away_score": null, "awarded_at": null, "awarded_by": "", "void": false}}, {"model": "league.match", "pk": 95, "fields": {"season": 1, "home_team": 11, "away_team": 13, "match_date": "2025-12-15T16:00:00Z", "venue": "UBAKALA MAIN FIELD", "home_score": null, "away_score": null, "penalty_home": null, "penalty_away": null, "is_played": false, "matchday": 15, "awarded": false, "awarded_reason": "", "awarded_to": null, "original_home_score": null, "original_away_score": null, "awarded_at": null, "awarded_by": "", "void": false}}, {"model": "league.match", "pk": 96, "fields": {"season": 1, "home_team": 6, "away_team": 3, "match_date": "2025-12-16T16:00:00Z", "venue": "UBAKALA MAIN FIELD", "home_score": null, "away_score": null, "penalty_home": null, "penalty_away": null, "is_played": false, "matchday": 16, "awarded": false, "awarded_reason": "", "awarded_to": null, "original_home_score": null, "original_away_score": null, "awarded_at": null, "awarded_by": "", "void": false}}, {"model": "league.match", "pk": 97, "fields": {"season": 1, "home_team": 14, "away_team": 11, "match_date": "2025-12-18T16:00:00Z", "venue": "UBAKALA MAIN FIELD", "home_score": null, "away_score": null, "penalty_home": null, "penalty_away": null, "is_played": false, "matchday": 18, "awarded": false, "awarded_reason": "", "awarded_to": null, "original_home_score": null, "original_away_score": null, "awarded_at": null, "awarded_by": "", "void": false}}, {"model": "league.match", "pk": 98, "fields": {"season": 1, "home_team": 4, "away_team": 5, "match_date": "2025-12-19T16:00:00Z", "venue": "UBAKALA MAIN FIELD", "home_score": null, "away_score": null, "penalty_home": null, "penalty_away": null, "is_played": false, "matchday": 19, "awarded": false, "awarded_reason": "", "awarded_to": null, "original_home_score": null, "original_away_score": null, "awarded_at": null, "awarded_by": "", "void": false}}, {"model": "league.match", "pk": 99, "fields": {"season": 1, "home_team": 8, "away_team": 9, "match_date": "2025-12-20T08:00:00Z", "venue": "UBAKALA MAIN FIELD", "home_score": null, "away_score": null, "penalty_home": null, "penalty_away": null, "is_played": false, "matchday": 20, "awarded": false, "awarded_reason": "", "awarded_to": null, "original_home_score": null, "original_away_score": null, "awarded_at": null, "awarded_by": "", "void": false}}, {"model": "league.match", "pk": 100, "fields": {"season": 1, "home_team": 12, "away_team": 13, "match_date": "2025-12-20T16:00:00Z", "venue": "UBAKALA MAIN FIELD", "home_score": null, "away_score": null, "penalty_home": null, "penalty_away": null, "is_played": false, "matchday": 21, "awarded": false, "awarded_reason": "", "awarded_to": null, "original_home_score": null, "original_away_score": null, "awarded_at": null, "awarded_by": "", "void": false}}, {"model": "league.match", "pk": 101, "fields": {"season": 1, "home_team": 3, "away_team": 4, "match_date": "2025-11-30T16:00:00Z", "venue": "UBAKALA MAIN FIELD", "home_score": 1, "away_score": 0, "penalty_home": null, "penalty_away": null, "is_played": true, "matchday": 1, "awarded": false, "awarded_reason": "", "awarded_to": null, "original_home_score": null, "original_away_score": null, "awarded_at": null, "awarded_by": "", "void": false}}, {"model": "league.match", "pk": 102, "fields": {"season": 1, "home_team": 11, "away_team": 12, "match_date": "2025-12-02T16:00:00Z", "venue": "UBAKALA MAIN FIELD", "home_score": 0, "away_score": 1, "penalty_home": null, "penalty_away": null, "is_played": true, "matchday": null, "awarded": false, "awarded_reason": "", "awarded_to": null, "original_home_score": null, "original_away_score": null, "awarded_at": null, "awarded_by": "", "void": false}}, {"model": "league.match", "pk": 103, "fields": {"season": 1, "home_team": 1, "away_team": 2, "match_date": "2025-12-03T16:00:00Z", "venue": "UBAKALA MAIN FIELD", "home_score": 1, "away_score": 2, "penalty_home": null, "penalty_away": null, "is_played": true, "matchday": 4, "awarded": false, "awarded_reason": "", "awarded_to": null, "original_home_score": null, "original_away_score": null, "awarded_at": null, "awarded_by": "", "void": false}}, {"model": "league.match", "pk": 104, "fields": {"season": 1, "home_team": 5, "away_team": 6, "match_date": "2025-12-04T16:00:00Z", "venue": "UBAKALA MAIN FIELD", "home_score": 1, "away_score": 0, "penalty_home": null, "penalty_away": null, "is_played": true, "matchday": 5, "awarded": false, "awarded_reason": "", "awarded_to": null, "original_home_score": null, "original_away_score": null, "awarded_at": null, "awarded_by": "", "void": false}}, {"model": "league.match", "pk": 105, "fields": {"season": 1, "home_team": 9, "away_team": 10, "match_date": "2025-12-05T16:00:00Z", "venue": "UBAKALA MAIN FIELD", "home_score": 0, "away_score": 3, "penalty_home": null, "penalty_away": null, "is_played": true, "matchday": 6, "awarded": true, "awarded_reason": "protest", "awarded_to": 10, "original_home_score": 1, "original_away_score": 0, "awarded_at": "2025-12-10T15:21:01.243Z", "awarded_by": "KELEYCHY", "void": false}}, {"model": "league.match", "pk": 106, "fields": {"season": 1, "home_team": 13, "away_team": 14, "match_date": "2025-12-06T16:00:00Z", "venue": "UBAKALA MAIN FIELD", "home_score": 1, "away_score": 0, "penalty_home": null, "penalty_away": null, "is_played": true, "matchday": 7, "awarded": false, "awarded_reason": "", "awarded_to": null, "original_home_score": null, "original_away_score": null, "awarded_at": null, "awarded_by": "", "void": false}}, {"model": "league.match", "pk": 107, "fields": {"season": 1, "home_team": 16, "away_team": 1, "match_date": "2025-12-07T16:00:00Z", "venue": "UBAKALA MAIN FIELD", "home_score": 2, "away_score": 2, "penalty_home": null, "penalty_away": null, "is_played": true, "matchday": 8, "awarded": false, "awarded_reason": "", "awarded_to": null, "original_home_score": null, "original_away_score": null, "awarded_at": null, "awarded_by": "", "void": false}}, {"model": "league.match", "pk": 108, "fields": {"season": 1, "home_team": 6, "away_team": 4, "match_date": "2025-12-08T16:00:00Z", "venue": "UBAKALA MAIN FIELD", "home_score": 1, "away_score": 1, "penalty_home": null, "penalty_away": null, "is_played": true, "matchday": 9, "awarded": false, "awarded_reason": "", "awarded_to": null, "original_home_score": null, "original_away_score": null, "awarded_at": null, "awarded_by": "", "void": false}}, {"model": "league.match", "pk": 109, "fields": {"season": 1, "home_team": 10, "away_team": 8, "match_date": "2025-12-09T16:00:00Z", "venue": "UBAKALA MAIN FIELD", "home_score": 0, "away_score": 0, "penalty_home": null, "penalty_away": null, "is_played": true, "matchday": 10, "awarded": false, "awarded_reason": "", "awarded_to": null, "original_home_score": null, "original_away_score": null, "awarded_at": null, "awarded_by": "", "void": false}}, {"model": "league.match", "pk": 110, "fields": {"season": 1, "home_team": 14, "away_team": 12, "match_date": "2025-12-10T16:00:00Z", "venue": "UBAKALA MAIN FIELD", "home_score": 0, "away_score": 0, "penalty_home": null, "penalty_away": null, "is_played": true, "matchday": 11, "awarded": false, "awarded_reason": "", "awarded_to": null, "original_home_score": null, "original_away_score": null, "awarded_at": null, "awarded_by": "", "void": false}}, {"model": "league.match", "pk": 111, "fields": {"season": 1, "home_team": 2, "away_team": 16, "match_date": "2025-12-11T16:00:00Z", "venue": "UBAKALA MAIN FIELD", "home_score": 0, "away_score": 0, "penalty_home": null, "penalty_away": null, "is_played": true, "matchday": 12, "awarded": false, "awarded_reason": "", "awarded_to": null, "original_home_score": null, "original_away_score": null, "awarded_at": null, "awarded_by": "", "void": false}}, {"model": "league.match", "pk": 112, "fields": {"season": 1, "home_team": 7, "away_team": 8, "match_date": "2025-12-01T16:00:00Z", "venue": "UBAKALA MAIN FIELD", "home_score": 0, "away_score": 0, "penalty_home": null, "penalty_away": null, "is_played": true, "matchday": null, "awarded": false, "awarded_reason": "", "awarded_to": null, "original_home_score": null, "original_away_score": null, "awarded_at": null, "awarded_by": "", "void": false}}, {"model": "league.match", "pk": 113, "fields": {"season": 1, "home_team": 7, "away_team": 9, "match_date": "2025-12-14T16:00:00Z", "venue": "UBAKALA MAIN FIELD", "home_score": null, "away_score": null, "penalty_home": null, "penalty_away": null, "is_played": false, "matchday": 14, "awarded": false, "awarded_reason": "", "awarded_to": null, "original_home_score": null, "original_away_score": null, "awarded_at": null, "awarded_by": "", "void": false}}, {"model": "league.match", "pk": 114, "fields": {"season": 1, "home_team": 10, "away_team": 7, "match_date": "2025-12-17T16:00:00Z", "venue": "UBAKALA MAIN FIELD", "home_score": null, "away_score": null, "penalty_home": null, "penalty_away": null, "is_played": false, "matchday": 17, "awarded": false, "awarded_reason": "", "awarded_to": null, "original_home_score": null, "original_away_score": null, "awarded_at": null, "awarded_by": "", "void": false}}, {"model": "league.match", "pk": 115, "fields": {"season": 3, "home_team": 4, "away_team": 6, "match_date": "2025-11-14T14:00:00Z", "venue": "UBAKALA MAIN FIELD", "home_score": 3, "away_score": 0, "penalty_home": null, "penalty_away": null, "is_played": true, "matchday": 6, "awarded": true, "awarded_reason": "protest", "awarded_to": 4, "original_home_score": 0, "original_away_score": 3, "awarded_at": "2025-12-09T18:31:16.625Z", "awarded_by": "KELEYCHY", "void": false}}, {"model": "league.match", "pk": 116, "fields": {"season": 3, "home_team": 9, "away_team": 13, "match_date": "2025-11-15T16:00:00Z", "venue": "UBAKALA MAIN FIELD", "home_score": 1, "away_score": 1, "penalty_home": null, "penalty_away": null, "is_played": true, "matchday": 7, "awarded": false, "awarded_reason": "", "awarded_to": null, "original_home_score": null, "original_away_score": null, "awarded_at": null, "awarded_by": "", "void": false}}, {"model": "league.match", "pk": 117, "fields": {"season": 3, "home_team": 8, "away_team": 6, "match_date": "2025-11-18T14:00:00Z", "venue": "UBAKALA MAIN FIELD", "home_score": 1, "away_score": 2, "penalty_home": null, "penalty_away": null, "is_played": true, "matchday": 10, "awarded": false, "awarded_reason": "", "awarded_to": null, "original_home_score": null, "original_away_score": null, "awarded_at": null, "awarded_by": "", "void": false}}, {"model": "league.match", "pk": 118, "fields": {"season": 3, "home_team": 1, "away_team": 10, "match_date": "2025-11-20T14:00:00Z", "venue": "UBAKALA MAIN FIELD", "home_score": 0, "away_score": 0, "penalty_home": null, "penalty_away": null, "is_played": true, "matchday": 12, "awarded": false, "awarded_reason": "", "awarded_to": null, "original_home_score": null, "original_away_score": null, "awarded_at": null, "awarded_by": "", "void": false}}, {"model": "league.match", "pk": 119, "fields": {"season": 3, "home_team": 11, "away_team": 3, "match_date": "2025-11-21T16:00:00Z", "venue": "UBAKALA MAIN FIELD", "home_score": 1, "away_score": 0, "penalty_home": null, "penalty_away": null, "is_played": true, "matchday": 13, "awarded": false, "awarded_reason": "", "awarded_to": null, "original_home_score": null, "original_away_score": null, "awarded_at": null, "awarded_by": "", "void": false}}, {"model": "league.match", "pk": 120, "fields": {"season": 3, "home_team": 5, "away_team": 4, "match_date": "2025-11-22T14:00:00Z", "venue": "UBAKALA MAIN FIELD", "home_score": 1, "away_score": 0, "penalty_home": null, "penalty_away": null, "is_played": true, "matchday": 14, "awarded": false, "awarded_reason": "", "awarded_to": null, "original_home_score": null, "original_away_score": null, "awarded_at": null, "awarded_by": "", "void": false}}, {"model": "league.match", "pk": 121, "fields": {"season": 3, "home_team": 12, "away_team": 9, "match_date": "2025-11-23T16:00:00Z", "venue": "UBAKALA MAIN FIELD", "home_score": 0, "away_score": 0, "penalty_home": null, "penalty_away": null, "is_played": true, "matchday": 15, "awarded": false, "awarded_reason": "", "awarded_to": null, "original_home_score": null, "original_away_score": null, "awarded_at": null, "awarded_by": "", "void": false}}, {"model": "league.match", "pk": 122, "fields": {"season": 3, "home_team": 16, "away_team": 3, "match_date": "2025-11-24T14:00:00Z", "venue": "UBAKALA MAIN FIELD", "home_score": 1, "away_score": 4, "penalty_home": null, "penalty_away": null, "is_played": true, "matchday": 16, "awarded": false, "awarded_reason": "", "awarded_to": null, "original_home_score": null, "original_away_score": null, "awarded_at": null, "awarded_by": "", "void": false}}, {"model": "league.match", "pk": 123, "fields": {"season": 3, "home_team": 8, "away_team": 4, "match_date": "2025-11-25T16:00:00Z", "venue": "UBAKALA MAIN FIELD", "home_score": 2, "away_score": 1, "penalty_home": null, "penalty_away": null, "is_played": true, "matchday": 17, "awarded": false, "awarded_reason": "", "awarded_to": null, "original_home_score": null, "original_away_score": null, "awarded_at": null, "awarded_by": "", "void": false}}, {"model": "league.match", "pk": 124, "fields": {"season": 3, "home_team": 6, "away_team": 5, "match_date": "2025-11-28T14:00:00Z", "venue": "UBAKALA MAIN FIELD", "home_score": 0, "away_score": 0, "penalty_home": null, "penalty_away": null, "is_played": true, "matchday": 20, "awarded": false, "awarded_reason": "", "awarded_to": null, "original_home_score": null, "original_away_score": null, "awarded_at": null, "awarded_by": "", "void": false}}, {"model": "league.match", "pk": 125, "fields": {"season": 3, "home_team": 13, "away_team": 12, "match_date": "2025-11-29T16:00:00Z", "venue": "UBAKALA MAIN FIELD", "home_score": 2, "away_score": 1, "penalty_home": null, "penalty_away": null, "is_played": true, "matchday": 21, "awarded": false, "awarded_reason": "", "awarded_to": null, "original_home_score": null, "original_away_score": null, "awarded_at": null, "awarded_by": "", "void": false}}, {"model": "league.match", "pk": 126, "fields": {"season": 3, "home_team": 11, "away_team": 16, "match_date": "2025-11-09T16:00:00Z", "venue": "UBAKALA MAIN FIELD", "home_score": 1, "away_score": 0, "penalty_home": null, "penalty_away": null, "is_played": true, "matchday": 1, "awarded": false, "awarded_reason": "", "awarded_to": null, "original_home_score": null, "original_away_score": null, "awarded_at": null, "awarded_by": "", "void": false}}, {"model": "league.match", "pk": 127, "fields": {"season": 3, "home_team": 5, "away_team": 8, "match_date": "2025-11-10T14:00:00Z", "venue": "UBAKALA MAIN FIELD", "home_score": 2, "away_score": 1, "penalty_home": null, "penalty_away": null, "is_played": true, "matchday": 2, "awarded": false, "awarded_reason": "", "awarded_to": null, "original_home_score": null, "original_away_score": null, "awarded_at": null, "awarded_by": "", "void": false}}, {"model": "league.match", "pk": 128, "fields": {"season": 3, "home_team": 12, "away_team": 14, "match_date": "2025-11-11T16:00:00Z", "venue": "UBAKALA MAIN FIELD", "home_score": 0, "away_score": 1, "penalty_home": null, "penalty_away": null, "is_played": true, "matchday": 3, "awarded": false, "awarded_reason": "", "awarded_to": null, "original_home_score": null, "original_away_score": null, "awarded_at": null, "awarded_by": "", "void": false}}, {"model": "league.match", "pk": 129, "fields": {"season": 3, "home_team": 10, "away_team": 2, "match_date": "2025-11-12T14:00:00Z", "venue": "UBAKALA MAIN FIELD", "home_score": 1, "away_score": 3, "penalty_home": null, "penalty_away": null, "is_played": true, "matchday": null, "awarded": false, "awarded_reason": "", "awarded_to": null, "original_home_score": null, "original_away_score": null, "awarded_at": null, "awarded_by": "", "void": false}}, {"model": "league.match", "pk": 130, "fields": {"season": 3, "home_team": 3, "away_team": 7, "match_date": "2025-11-13T16:00:00Z", "venue": "UBAKALA MAIN FIELD", "home_score": 2, "away_score": 0, "penalty_home": null, "penalty_away": null, "is_played": true, "matchday": null, "awarded": false, "awarded_reason": "", "awarded_to": null, "original_home_score": null, "original_away_score": null, "awarded_at": null, "awarded_by": "", "void": false}}, {"model": "league.match", "pk": 131, "fields": {"season": 3, "home_team": 2, "away_team": 1, "match_date": "2025-11-16T14:00:00Z", "venue": "UBAKALA MAIN FIELD", "home_score": 1, "away_score": 0, "penalty_home": null, "penalty_away": null, "is_played": true, "matchday": null, "awarded": false, "awarded_reason": "", "awarded_to": null, "original_home_score": null, "original_away_score": null, "awarded_at": null, "awarded_by": "", "void": false}}, {"model": "league.match", "pk": 132, "fields": {"season": 3, "home_team": 16, "away_team": 7, "match_date": "2025-11-17T16:00:00Z", "venue": "UBAKALA MAIN FIELD", "home_score": 1, "away_score": 2, "penalty_home": null, "penalty_away": null, "is_played": true, "matchday": null, "awarded": false, "awarded_reason": "", "awarded_to": null, "original_home_score": null, "original_away_score": null, "awarded_at": null, "awarded_by": "", "void": false}}, {"model": "league.match", "pk": 133, "fields": {"season": 3, "home_team": 14, "away_team": 13, "match_date": "2025-11-19T16:00:00Z", "venue": "UBAKALA MAIN FIELD", "home_score": 1, "away_score": 1, "penalty_home": null, "penalty_away": null, "is_played": true, "matchday": null, "awarded": false, "awarded_reason": "", "awarded_to": null, "original_home_score": null, "original_away_score": null, "awarded_at": null, "awarded_by": "", "void": false}}, {"model": "league.match", "pk": 134, "fields": {"season": 3, "home_team": 14, "away_team": 9, "match_date": "2025-11-26T14:00:00Z", "venue": "UBAKALA MAIN FIELD", "home_score": 3, "away_score": 0, "penalty_home": null, "penalty_away": null, "is_played": true, "matchday": null, "awarded": true, "awarded_reason": "walkover", "awarded_to": 14, "original_home_score": null, "original_away_score": null, "awarded_at": "2025-12-09T18:40:19Z", "awarded_by": "KELEYCHY", "void": false}}, {"model": "league.match", "pk": 135, "fields": {"season": 3, "home_team": 7, "away_team": 11, "match_date": "2025-11-27T16:00:00Z", "venue": "UBAKALA MAIN FIELD", "home_score": 1, "away_score": 2, "penalty_home": null, "penalty_away": null, "is_played": true, "matchday": null, "awarded": false, "awarded_reason": "", "awarded_to": null, "original_home_score": null, "original_away_score": null, "awarded_at": null, "awarded_by": "", "void": false}}, {"model": "league.match", "pk": 136, "fields": {"season": 2, "home_team": 1, "away_team": 8, "match_date": "2025-11-13T14:00:00Z", "venue": "UBAKALA MAIN FIELD", "home_score": 1, "away_score": 2, "penalty_home": null, "penalty_away": null, "is_played": true, "matchday": 5, "awarded": false, "awarded_reason": "", "awarded_to": null, "original_home_score": null, "original_away_score": null, "awarded_at": null, "awarded_by": "", "void": false}}, {"model": "league.match", "pk": 137, "fields": {"season": 2, "home_team": 10, "away_team": 3, "match_date": "2025-11-14T16:00:00Z", "venue": "UBAKALA MAIN FIELD", "home_score": 0, "away_score": 1, "penalty_home": null, "penalty_away": null, "is_played": true, "matchday": 6, "awarded": false, "awarded_reason": "", "awarded_to": null, "original_home_score": null, "original_away_score": null, "awarded_at": null, "awarded_by": "", "void": false}}, {"model": "league.match", "pk": 138, "fields": {"season": 2, "home_team": 5, "away_team": 6, "match_date": "2025-11-16T16:00:00Z", "venue": "UBAKALA MAIN FIELD", "home_score": 2, "away_score": 1, "penalty_home": null, "penalty_away": null, "is_played": true, "matchday": 8, "awarded": false, "awarded_reason": "", "awarded_to": null, "original_home_score": null, "original_away_score": null, "awarded_at": null, "awarded_by": "", "void": false}}, {"model": "league.match", "pk": 139, "fields": {"season": 2, "home_team": 8, "away_team": 13, "match_date": "2025-11-17T14:00:00Z", "venue": "UBAKALA MAIN FIELD", "home_score": 0, "away_score": 2, "penalty_home": null, "penalty_away": null, "is_played": true, "matchday": 9, "awarded": false, "awarded_reason": "", "awarded_to": null, "original_home_score": null, "original_away_score": null, "awarded_at": null, "awarded_by": "", "void": false}}, {"model": "league.match", "pk": 140, "fields": {"season": 2, "home_team": 3, "away_team": 2, "match_date": "2025-11-18T16:00:00Z", "venue": "UBAKALA MAIN FIELD", "home_score": 0, "away_score": 0, "penalty_home": null, "penalty_away": null, "is_played": true, "matchday": 10, "awarded": false, "awarded_reason": "", "awarded_to": null, "original_home_score": null, "original_away_score": null, "awarded_at": null, "awarded_by": "", "void": false}}, {"model": "league.match", "pk": 141, "fields": {"season": 2, "home_team": 7, "away_team": 4, "match_date": "2025-11-19T14:00:00Z", "venue": "UBAKALA MAIN FIELD", "home_score": 3, "away_score": 0, "penalty_home": null, "penalty_away": null, "is_played": true, "matchday": 11, "awarded": true, "awarded_reason": "walkover", "awarded_to": 7, "original_home_score": null, "original_away_score": null, "awarded_at": "2025-12-10T12:57:26.473Z", "awarded_by": "", "void": false}}, {"model": "league.match", "pk": 142, "fields": {"season": 2, "home_team": 6, "away_team": 9, "match_date": "2025-11-20T16:00:00Z", "venue": "UBAKALA MAIN FIELD", "home_score": 3, "away_score": 0, "penalty_home": null, "penalty_away": null, "is_played": true, "matchday": 12, "awarded": true, "awarded_reason": "protest", "awarded_to": 6, "original_home_score": 1, "original_away_score": 1, "awarded_at": "2025-12-09T18:37:57.769Z", "awarded_by": "KELEYCHY", "void": false}}, {"model": "league.match", "pk": 143, "fields": {"season": 2, "home_team": 11, "away_team": 1, "match_date": "2025-11-21T14:00:00Z", "venue": "UBAKALA MAIN FIELD", "home_score": 3, "away_score": 0, "penalty_home": null, "penalty_away": null, "is_played": true, "matchday": 13, "awarded": false, "awarded_reason": "", "awarded_to": null, "original_home_score": null, "original_away_score": null, "awarded_at": null, "awarded_by": "", "void": false}}, {"model": "league.match", "pk": 144, "fields": {"season": 2, "home_team": 12, "away_team": 10, "match_date": "2025-11-22T16:00:00Z", "venue": "UBAKALA MAIN FIELD", "home_score": 0, "away_score": 0, "penalty_home": null, "penalty_away": null, "is_played": true, "matchday": 14, "awarded": false, "awarded_reason": "", "awarded_to": null, "original_home_score": null, "original_away_score": null, "awarded_at": null, "awarded_by": "", "void": false}}, {"model": "league.match", "pk": 145, "fields": {"season": 2, "home_team": 8, "away_team": 11, "match_date": "2025-11-24T16:00:00Z", "venue": "UBAKALA MAIN FIELD", "home_score": 0, "away_score": 1, "penalty_home": null, "penalty_away": null, "is_played": true, "matchday": 16, "awarded": false, "awarded_reason": "", "awarded_to": null, "original_home_score": null, "original_away_score": null, "awarded_at": null, "awarded_by": "", "void": false}}, {"model": "league.match", "pk": 146, "fields": {"season": 2, "home_team": 3, "away_team": 12, "match_date": "2025-11-25T14:00:00Z", "venue": "UBAKALA MAIN FIELD", "home_score": 0, "away_score": 1, "penalty_home": null, "penalty_away": null, "is_played": true, "matchday": 17, "awarded": false, "awarded_reason": "", "awarded_to": null, "original_home_score": null, "original_away_score": null, "awarded_at": null, "awarded_by": "", "void": false}}, {"model": "league.match", "pk": 147, "fields": {"season": 2, "home_team": 7, "away_team": 16, "match_date": "2025-11-26T16:00:00Z", "venue": "UBAKALA MAIN FIELD", "home_score": 0, "away_score": 1, "penalty_home": null, "penalty_away": null, "is_played": true, "matchday": 18, "awarded": false, "awarded_reason": "", "awarded_to": null, "original_home_score": null, "original_away_score": null, "awarded_at": null, "awarded_by": "", "void": false}}, {"model": "league.match", "pk": 148, "fields": {"season": 2, "home_team": 13, "away_team": 1, "match_date": "2025-11-27T14:00:00Z", "venue": "UBAKALA MAIN FIELD", "home_score": 3, "away_score": 0, "penalty_home": null, "penalty_away": null, "is_played": true, "matchday": 19, "awarded": false, "awarded_reason": "", "awarded_to": null, "original_home_score": null, "original_away_score": null, "awarded_at": null, "awarded_by": "", "void": false}}, {"model": "league.match", "pk": 149, "fields": {"season": 2, "home_team": 2, "away_team": 10, "match_date": "2025-11-28T16:00:00Z", "venue": "UBAKALA MAIN FIELD", "home_score": 2, "away_score": 0, "penalty_home": null, "penalty_away": null, "is_played": true, "matchday": 20, "awarded": false, "awarded_reason": "", "awarded_to": null, "original_home_score": null, "original_away_score": null, "awarded_at": null, "awarded_by": "", "void": false}}, {"model": "league.match", "pk": 150, "fields": {"season": 2, "home_team": 11, "away_team": 13, "match_date": "2025-11-09T14:00:00Z", "venue": "UBAKALA MAIN FIELD", "home_score": 0, "away_score": 2, "penalty_home": null, "penalty_away": null, "is_played": true, "matchday": 1, "awarded": false, "awarded_reason": "", "awarded_to": null, "original_home_score": null, "original_away_score": null, "awarded_at": null, "awarded_by": "", "void": false}}, {"model": "league.match", "pk": 151, "fields": {"season": 2, "home_team": 12, "away_team": 2, "match_date": "2025-11-10T16:00:00Z", "venue": "UBAKALA MAIN FIELD", "home_score": 1, "away_score": 0, "penalty_home": null, "penalty_away": null, "is_played": true, "matchday": 2, "awarded": false, "awarded_reason": "", "awarded_to": null, "original_home_score": null, "original_away_score": null, "awarded_at": null, "awarded_by": "", "void": false}}, {"model": "league.match", "pk": 152, "fields": {"season": 2, "home_team": 16, "away_team": 4, "match_date": "2025-11-11T14:00:00Z", "venue": "UBAKALA MAIN FIELD", "home_score": 2, "away_score": 0, "penalty_home": null, "penalty_away": null, "is_played": true, "matchday": 3, "awarded": false, "awarded_reason": "", "awarded_to": null, "original_home_score": null, "original_away_score": null, "awarded_at": null, "awarded_by": "", "void": false}}, {"model": "league.match", "pk": 153, "fields": {"season": 2, "home_team": 9, "away_team": 5, "match_date": "2025-11-12T16:00:00Z", "venue": "UBAKALA MAIN FIELD", "home_score": 1, "away_score": 0, "penalty_home": null, "penalty_away": null, "is_played": true, "matchday": 4, "awarded": false, "awarded_reason": "", "awarded_to": null, "original_home_score": null, "original_away_score": null, "awarded_at": null, "awarded_by": "", "void": false}}, {"model": "league.match", "pk": 154, "fields": {"season": 2, "home_team": 14, "away_team": 7, "match_date": "2025-11-15T14:00:00Z", "venue": "UBAKALA MAIN FIELD", "home_score": 0, "away_score": 1, "penalty_home": null, "penalty_away": null, "is_played": true, "matchday": 7, "awarded": false, "awarded_reason": "", "awarded_to": null, "original_home_score": null, "original_away_score": null, "awarded_at": null, "awarded_by": "", "void": false}}, {"model": "league.match", "pk": 155, "fields": {"season": 2, "home_team": 16, "away_team": 14, "match_date": "2025-11-23T14:00:00Z", "venue": "UBAKALA MAIN FIELD", "home_score": 2, "away_score": 0, "penalty_home": null, "penalty_away": null, "is_played": true, "matchday": 15, "awarded": false, "awarded_reason": "", "awarded_to": null, "original_home_score": null, "original_away_score": null, "awarded_at": null, "awarded_by": "", "void": false}}, {"model": "league.match", "pk": 157, "fields": {"season": 3, "home_team": 11, "away_team": 6, "match_date": "2025-12-02T16:00:00Z", "venue": "UBAKALA MAIN FIELD", "home_score": 3, "away_score": 0, "penalty_home": null, "penalty_away": null, "is_played": true, "matchday": 22, "awarded": false, "awarded_reason": "", "awarded_to": null, "original_home_score": null, "original_away_score": null, "awarded_at": null, "awarded_by": "", "void": false}}, {"model": "league.match", "pk": 158, "fields": {"season": 3, "home_team": 14, "away_team": 1, "match_date": "2025-12-04T14:00:00Z", "venue": "UBAKALA MAIN FIELD", "home_score": 1, "away_score": 0, "penalty_home": null, "penalty_away": null, "is_played": true, "matchday": 23, "awarded": false, "awarded_reason": "", "awarded_to": null, "original_home_score": null, "original_away_score": null, "awarded_at": null, "awarded_by": "", "void": false}}, {"model": "league.match", "pk": 159, "fields": {"season": 3, "home_team": 5, "away_team": 3, "match_date": "2025-12-06T14:00:00Z", "venue": "UBAKALA MAIN FIELD", "home_score": 0, "away_score": 1, "penalty_home": null, "penalty_away": null, "is_played": true, "matchday": 24, "awarded": false, "awarded_reason": "", "awarded_to": null, "original_home_score": null, "original_away_score": null, "awarded_at": null, "awarded_by": "", "void": false}}, {"model": "league.match", "pk": 160, "fields": {"season": 3, "home_team": 2, "away_team": 13, "match_date": "2025-12-08T14:00:00Z", "venue": "UBAKALA MAIN FIELD", "home_score": 1, "away_score": 1, "penalty_home": 2, "penalty_away": 3, "is_played": true, "matchday": 25, "awarded": false, "awarded_reason": "", "awarded_to": null, "original_home_score": null, "original_away_score": null, "awarded_at": null, "awarded_by": "", "void": false}}, {"model": "league.match", "pk": 173, "fields": {"season": 1, "home_team": 25, "away_team": 26, "match_date": "2025-12-21T16:00:00Z", "venue": "UBAKALA MAIN FIELD", "home_score": null, "away_score": null, "penalty_home": null, "penalty_away": null, "is_played": false, "matchday": 22, "awarded": false, "awarded_reason": "", "awarded_to": null, "original_home_score": null, "original_away_score": null, "awarded_at": null, "awarded_by": "", "void": false}}, {"model": "league.match", "pk": 174, "fields": {"season": 1, "home_team": 27, "away_team": 28, "match_date": "2025-12-22T16:00:00Z", "venue": "UBAKALA MAIN FIELD", "home_score": null, "away_score": null, "penalty_home": null, "penalty_away": null, "is_played": false, "matchday": 23, "awarded": false, "awarded_reason": "", "awarded_to": null, "original_home_score": null, "original_away_score": null, "awarded_at": null, "awarded_by": "", "void": false}}, {"model": "league.match", "pk": 175, "fields": {"season": 1, "home_team": 29, "away_team": 30, "match_date": "2025-12-23T16:00:00Z", "venue": "UBAKALA MAIN FIELD", "home_score": null, "away_score": null, "penalty_home": null, "penalty_away": null, "is_played": false, "matchday": 24, "awarded": false, "awarded_reason": "", "awarded_to": null, "original_home_score": null, "original_away_score": null, "awarded_at": null, "awarded_by": "", "void": false}}, {"model": "league.match", "pk": 176, "fields": {"season": 1, "home_team": 31, "away_team": 32, "match_date": "2025-12-24T16:00:00Z", "venue": "UBAKALA MAIN FIELD", "home_score": null, "away_score": null, "penalty_home": null, "penalty_away": null, "is_played": false, "matchday": 25, "awarded": false, "awarded_reason": "", "awarded_to": null, "original_home_score": null, "original_away_score": null, "awarded_at": null, "awarded_by": "", "void": false}}, {"model": "league.match", "pk": 189, "fields": {"season": 2, "home_team": 13, "away_team": 2, "match_date": "2025-12-01T14:00:00Z", "venue": "UBAKALA MAIN FIELD", "home_score": 1, "away_score": 1, "penalty_home": 2, "penalty_away": 3, "is_played": true, "matchday": 22, "awarded": false, "awarded_reason": "", "awarded_to": null, "original_home_score": null, "original_away_score": null, "awarded_at": null, "awarded_by": "", "void": false}}, {"model": "league.match", "pk": 190, "fields": {"season": 2, "home_team": 16, "away_team": 5, "match_date": "2025-12-03T14:00:00Z", "venue": "UBAKALA MAIN FIELD", "home_score": 0, "away_score": 2, "penalty_home": null, "penalty_away": null, "is_played": true, "matchday": 23, "awarded": false, "awarded_reason": "", "awarded_to": null, "original_home_score": null, "original_away_score": null, "awarded_at": null, "awarded_by": "", "void": false}}, {"model": "league.match", "pk": 191, "fields": {"season": 2, "home_team": 12, "away_team": 11, "match_date": "2025-12-05T14:00:00Z", "venue": "UBAKALA MAIN FIELD", "home_score": 0, "away_score": 0, "penalty_home": 4, "penalty_away": 3, "is_played": true, "matchday": 24, "awarded": false, "awarded_reason": "", "awarded_to": null, "original_home_score": null, "original_away_score": null, "awarded_at": null, "awarded_by": "", "void": false}}, {"model": "league.match", "pk": 192, "fields": {"season": 2, "home_team": 6, "away_team": 7, "match_date": "2025-12-07T14:00:00Z", "venue": "UBAKALA MAIN FIELD", "home_score": 0, "away_score": 0, "penalty_home": 4, "penalty_away": 2, "is_played": true, "matchday": 25, "awarded": false, "awarded_reason": "", "awarded_to": null, "original_home_score": null, "original_away_score": null, "awarded_at": null, "awarded_by": "", "void": false}}, {"model": "league.match", "pk": 193, "fields": {"season": 2, "home_team": 13, "away_team": 5, "match_date": "2025-12-10T14:00:00Z", "venue": "UBAKALA MAIN FIELD", "home_score": 1, "away_score": 0, "penalty_home": null, "penalty_away": null, "is_played": true, "matchday": 26, "awarded": false, "awarded_reason": "", "awarded_to": null, "original_home_score": null, "original_away_score": null, "awarded_at": null, "awarded_by": "", "void": false}}, {"model": "league.match", "pk": 194, "fields": {"season": 2, "home_team": 12, "away_team": 6, "match_date": "2025-12-12T14:00:00Z", "venue": "UBAKALA MAIN FIELD", "home_score": null, "away_score": null, "penalty_home": null, "penalty_away": null, "is_played": false, "matchday": 27, "awarded": false, "awarded_reason": "", "awarded_to": null, "original_home_score": null, "original_away_score": null, "awarded_at": null, "awarded_by": "", "void": false}}, {"model": "league.match", "pk": 195, "fields": {"season": 2, "home_team": 5, "away_team": 11, "match_date": "2025-12-31T10:00:00Z", "venue": "UBAKALA MAIN FIELD", "home_score": null, "away_score": null, "penalty_home": null, "penalty_away": null, "is_played": false, "matchday": 28, "awarded": false, "awarded_reason": "", "awarded_to": null, "original_home_score": null, "original_away_score": null, "awarded_at": null, "awarded_by": "", "void": false}}, {"model": "league.match", "pk": 196, "fields": {"season": 2, "home_team": 13, "away_team": 24, "match_date": "2026-01-01T14:00:00Z", "venue": "", "home_score": null, "away_score": null, "penalty_home": null, "penalty_away": null, "is_played": false, "matchday": 29, "awarded": false, "awarded_reason": "", "awarded_to": null, "original_home_score": null, "original_away_score": null, "awarded_at": null, "awarded_by": "", "void": false}}, {"model": "league.match", "pk": 198, "fields": {"season": 3, "home_team": 11, "away_team": 14, "match_date": "2025-12-11T14:00:00Z", "venue": "UBAKALA MAIN FIELD", "home_score": 2, "away_score": 0, "penalty_home": null, "penalty_away": null, "is_played": true, "matchday": 26, "awarded": false, "awarded_reason": "", "awarded_to": null, "original_home_score": null, "original_away_score": null, "awarded_at": null, "awarded_by": "", "void": false}}, {"model": "league.match", "pk": 199, "fields": {"season": 3, "home_team": 3, "away_team": 13, "match_date": "2025-12-13T14:00:00Z", "venue": "", "home_score": null, "away_score": null, "penalty_home": null, "penalty_away": null, "is_played": false, "matchday": 27, "awarded": false, "awarded_reason": "", "awarded_to": null, "original_home_score": null, "original_away_score": null, "awarded_at": null, "awarded_by": "", "void": false}}, {"model": "league.match", "pk": 200, "fields": {"season": 3, "home_team": 14, "away_team": 22, "match_date": "2025-12-31T08:00:00Z", "venue": "", "home_score": null, "away_score": null, "penalty_home": null, "penalty_away": null, "is_played": false, "matchday": 28, "awarded": false, "awarded_reason": "", "awarded_to": null, "original_home_score": null, "original_away_score": null, "awarded_at": null, "awarded_by": "", "void": false}}, {"model": "league.match", "pk": 201, "fields": {"season": 3, "home_team": 11, "away_team": 24, "match_date": "2026-01-01T14:00:00Z", "venue": "", "home_score": null, "away_score": null, "penalty_home": null, "penalty_away": null, "is_played": false, "matchday": 29, "awarded": false, "awarded_reason": "", "awarded_to": null, "original_home_score": null, "original_away_score": null, "awarded_at": null, "awarded_by": "", "void": false}}]
